{ 
  "networks": [
    {
      "machines": [
        {
          "name": "Router 1",
          "MIPS": 1024,
          "icon": "router_icon",
          "type": "router",
          "is_wireless": false,
          "power_watts": 12,
          "coverage_area_radius": 0,
          "application": "apps.router.RouterApp",
          "network_interfaces": [
            {
              "name": "eth0",
              "is_wireless": false,
              "ip": "192.168.0.1"
            },
            {
              "name": "eth1",
              "is_wireless": false,
              "ip": "10.10.0.1"
            }
          ],
          "x": 910,
          "y": 530
        },
        {
          "name": "Access Point 1",
          "MIPS": 1024,
          "icon": "ap_icon",
          "type": "access_point",
          "is_wireless": true,
          "power_watts": 10.5,
          "coverage_area_radius": 200,
          "application": "apps.access_point.AccessPointApp",
          "network_interfaces": [
            {
              "name": "eth0",
              "is_wireless": true,
              "ip": "192.168.0.3"
            },
            {
              "name": "eth1",
              "is_wireless": false,
              "ip": "201.168.0.1"
            }
          ],
          "x": 910,
          "y": 730
        },
        {
          "name": "MQTT Load Balance Broker",
          "MIPS": 1024,
          "icon": "broker_icon",
          "type": "server",
          "is_wireless": false,
          "power_watts": 375,
          "coverage_area_radius": 0,
          "application": "apps.mqtt.LoadBalanceBrokerApp",
          "network_interfaces": [
            {
              "name": "eth0",
              "is_wireless": false,
              "ip": "192.168.0.2"
            },
            {
              "name": "eth1",
              "is_wireless": false,
              "ip": "10.10.0.3"
            }
          ],
          "x": 910,
          "y": 440
        },
        {
          "name": "MQTT Sensor Publisher 1",
          "MIPS": 1024,
          "icon": "notebook_icon",
          "type": "client",
          "is_wireless": true,
          "power_watts": 65,
          "coverage_area_radius": 200,
          "application": "apps.mqtt.PublisherApp",
          "network_interfaces": [
            {
              "name": "eth0",
              "is_wireless": true,
              "ip": "192.168.0.4"
            }
          ],
          "x": 910,
          "y": 860
        },
        {
          "name": "MQTT Sensor Publisher 2",
          "MIPS": 1024,
          "icon": "smartphone_icon",
          "type": "client",
          "is_wireless": true,
          "power_watts": 65,
          "coverage_area_radius": 200,
          "application": "apps.mqtt.PublisherApp",
          "network_interfaces": [
            {
              "name": "eth0",
              "is_wireless": true,
              "ip": "192.168.0.5"
            }
          ],
          "x": 750,
          "y": 860
        },
        {
          "name": "Fog Task Performer Server 1",
          "MIPS": 1024,
          "icon": "server_icon",
          "type": "server",
          "is_wireless": false,
          "power_watts": 375,
          "coverage_area_radius": 0,
          "application": "apps.mqtt.SubscriberApp",
          "network_interfaces": [
            {
              "name": "eth0",
              "is_wireless": false,
              "ip": "192.168.0.6"
            }
          ],
          "x": 650,
          "y": 600
        },
        {
          "name": "Fog Task Performer Server 2",
          "MIPS": 1024,
          "icon": "server_icon",
          "type": "server",
          "is_wireless": false,
          "power_watts": 375,
          "coverage_area_radius": 0,
          "application": "apps.mqtt.SubscriberApp",
          "network_interfaces": [
            {
              "name": "eth0",
              "is_wireless": false,
              "ip": "192.168.0.7"
            }
          ],
          "x": 800,
          "y": 600
        },
        {
          "name": "Fog Task Performer Server 3",
          "MIPS": 1024,
          "icon": "server_icon",
          "type": "server",
          "is_wireless": false,
          "power_watts": 375,
          "coverage_area_radius": 0,
          "application": "apps.mqtt.SubscriberApp",
          "network_interfaces": [
            {
              "name": "eth0",
              "is_wireless": false,
              "ip": "192.168.0.8"
            }
          ],
          "x": 1000,
          "y": 600
        },
        {
          "name": "MQTT Sensor Publisher 3",
          "MIPS": 1024,
          "icon": "smartphone_icon",
          "type": "client",
          "is_wireless": true,
          "power_watts": 65,
          "coverage_area_radius": 200,
          "application": "apps.mqtt.PublisherApp",
          "network_interfaces": [
            {
              "name": "eth0",
              "is_wireless": true,
              "ip": "192.168.0.9"
            }
          ],
          "x": 1050,
          "y": 860
        },
        {
          "name": "MQTT Sensor Publisher 4",
          "MIPS": 1024,
          "icon": "smartphone_icon",
          "type": "client",
          "is_wireless": true,
          "power_watts": 65,
          "coverage_area_radius": 200,
          "application": "apps.mqtt.PublisherApp",
          "network_interfaces": [
            {
              "name": "eth0",
              "is_wireless": true,
              "ip": "192.168.0.10"
            }
          ],
          "x": 1230,
          "y": 860
        },
        {
          "name": "MQTT Sensor Publisher 5",
          "MIPS": 1024,
          "icon": "smartphone_icon",
          "type": "client",
          "is_wireless": true,
          "power_watts": 65,
          "coverage_area_radius": 200,
          "application": "apps.mqtt.PublisherApp",
          "network_interfaces": [
            {
              "name": "eth0",
              "is_wireless": true,
              "ip": "192.168.0.11"
            }
          ],
          "x": 540,
          "y": 860
        },
        {
          "name": "Fog Task Performer Server 4",
          "MIPS": 1024,
          "icon": "server_icon",
          "type": "server",
          "is_wireless": false,
          "power_watts": 375,
          "coverage_area_radius": 0,
          "application": "apps.mqtt.SubscriberApp",
          "network_interfaces": [
            {
              "name": "eth0",
              "is_wireless": false,
              "ip": "192.168.0.12"
            }
          ],
          "x": 1150,
          "y": 600
        }
      ]
    },
    {
      "machines": [
        {
          "name": "Router 2",
          "MIPS": 1024,
          "icon": "router_icon",
          "type": "router",
          "is_wireless": false,
          "power_watts": 12,
          "coverage_area_radius": 0,
          "application": "apps.router.RouterApp",
          "network_interfaces": [
            {
              "name": "eth0",
              "is_wireless": false,
              "ip": "192.168.1.1"
            },
            {
              "name": "eth1",
              "is_wireless": false,
              "ip": "10.10.0.2"
            }
          ],
          "x": 910,
          "y": 300
        },
        {
          "name": "Cloud Task Performer Server",
          "MIPS": 6144,
          "icon": "cloud_icon",
          "type": "server",
          "is_wireless": false,
          "power_watts": 375,
          "coverage_area_radius": 0,
          "application": "apps.mqtt.CloudTaskPerformServerApp",
          "network_interfaces": [
            {
              "name": "eth0",
              "is_wireless": false,
              "ip": "192.168.1.2"
            }
          ],
          "x": 910,
          "y": 50
        }
      ]
    }
  ]
}
