92278563237674,sensor_1,22.41 Kwh,2021-01-27T12:48:48.219065,stored_at:2021-01-27T12:49:21.220645
77463257785081,sensor_2,8.44 Kwh,2021-01-27T12:48:48.457182,stored_at:2021-01-27T12:49:21.220713
82705989547920,sensor_3,17.98 Kwh,2021-01-27T12:48:48.134172,stored_at:2021-01-27T12:49:21.220733
223958968573603,sensor_10,15.38 Kwh,2021-01-27T12:48:48.100464,stored_at:2021-01-27T12:49:21.220747
77532244821377,sensor_12,6.91 Kwh,2021-01-27T12:48:48.040857,stored_at:2021-01-27T12:49:21.220761
179153266228005,sensor_4,3.75 Kwh,2021-01-27T12:48:48.373558,stored_at:2021-01-27T12:49:21.221096
91691581885137,sensor_11,17.49 Kwh,2021-01-27T12:48:48.313597,stored_at:2021-01-27T12:49:21.221124
121176726299912,sensor_3,20.99 Kwh,2021-01-27T12:49:18.258946,stored_at:2021-01-27T12:49:21.221138
246974064111356,sensor_13,21.45 Kwh,2021-01-27T12:48:48.231488,stored_at:2021-01-27T12:49:21.221150
257100264419536,sensor_5,3.33 Kwh,2021-01-27T12:49:18.119804,stored_at:2021-01-27T12:49:21.221161
46492899217297,sensor_7,3.61 Kwh,2021-01-27T12:48:48.491383,stored_at:2021-01-27T12:49:21.221173
268728197929973,sensor_9,3.1 Kwh,2021-01-27T12:48:48.409994,stored_at:2021-01-27T12:49:21.221184
84154097627914,sensor_8,10.69 Kwh,2021-01-27T12:48:48.178380,stored_at:2021-01-27T12:49:21.221195
46203736848617,sensor_5,7.35 Kwh,2021-01-27T12:48:48.074627,stored_at:2021-01-27T12:49:21.221206
238113298619890,sensor_12,9.7 Kwh,2021-01-27T12:49:18.041003,stored_at:2021-01-27T12:49:21.221217
84362643209520,sensor_6,14.8 Kwh,2021-01-27T12:48:48.276078,stored_at:2021-01-27T12:49:21.221228
126249052799524,sensor_10,12.56 Kwh,2021-01-27T12:49:18.196533,stored_at:2021-01-27T12:49:21.221240
114924762552696,sensor_1,13.12 Kwh,2021-01-27T12:49:18.708475,stored_at:2021-01-27T12:49:21.221251
86765318183725,sensor_2,11.07 Kwh,2021-01-27T12:49:19.151535,stored_at:2021-01-27T12:49:21.221262
87957590472763,sensor_26,5.76 Kwh,2021-01-27T12:48:48.287393,stored_at:2021-01-27T12:49:53.220966
74383151401058,sensor_3,8.09 Kwh,2021-01-27T12:49:48.563034,stored_at:2021-01-27T12:49:53.221031
11951669796745,sensor_9,5.16 Kwh,2021-01-27T12:49:19.082053,stored_at:2021-01-27T12:49:53.221348
221364331240002,sensor_15,12.52 Kwh,2021-01-27T12:48:48.520335,stored_at:2021-01-27T12:49:53.221386
44124613555948,sensor_8,12.6 Kwh,2021-01-27T12:49:18.591957,stored_at:2021-01-27T12:49:53.221411
113353200194281,sensor_13,15.25 Kwh,2021-01-27T12:49:18.724496,stored_at:2021-01-27T12:49:53.221432
175009797494362,sensor_1,8.7 Kwh,2021-01-27T12:49:48.977703,stored_at:2021-01-27T12:49:53.221453
198448407484276,sensor_12,16.92 Kwh,2021-01-27T12:49:48.041305,stored_at:2021-01-27T12:49:53.221474
220599812945166,sensor_2,22.2 Kwh,2021-01-27T12:49:49.648270,stored_at:2021-01-27T12:49:53.221494
238694152194800,sensor_16,10.92 Kwh,2021-01-27T12:48:48.187221,stored_at:2021-01-27T12:49:53.221514
150616481467397,sensor_11,4.37 Kwh,2021-01-27T12:49:18.932164,stored_at:2021-01-27T12:49:53.221535
96159677110589,sensor_25,3.24 Kwh,2021-01-27T12:48:48.079331,stored_at:2021-01-27T12:49:53.221556
89512453885756,sensor_7,6.86 Kwh,2021-01-27T12:49:20.013128,stored_at:2021-01-27T12:49:53.221576
268700265409543,sensor_4,3.25 Kwh,2021-01-27T12:49:19.033100,stored_at:2021-01-27T12:49:53.221597
125228002509908,sensor_10,19.11 Kwh,2021-01-27T12:49:48.251796,stored_at:2021-01-27T12:49:53.221617
159513619079960,sensor_28,6.92 Kwh,2021-01-27T12:48:48.200900,stored_at:2021-01-27T12:49:53.221637
232293881027001,sensor_5,18.46 Kwh,2021-01-27T12:49:48.183396,stored_at:2021-01-27T12:49:53.221657
72840351854594,sensor_14,3.78 Kwh,2021-01-27T12:48:48.328712,stored_at:2021-01-27T12:49:53.221677
141939550278036,sensor_29,18.95 Kwh,2021-01-27T12:48:48.442094,stored_at:2021-01-27T12:49:53.221698
92606403334309,sensor_6,11.02 Kwh,2021-01-27T12:49:18.840128,stored_at:2021-01-27T12:49:53.221719
106927996751526,sensor_37,7.88 Kwh,2021-01-27T12:48:48.094281,stored_at:2021-01-27T12:49:53.221740
273126965233260,sensor_27,6.04 Kwh,2021-01-27T12:48:48.504645,stored_at:2021-01-27T12:49:53.221760
165846878389874,sensor_25,10.76 Kwh,2021-01-27T12:49:18.121051,stored_at:2021-01-27T12:50:25.220389
124439440095067,sensor_16,8.99 Kwh,2021-01-27T12:49:18.637899,stored_at:2021-01-27T12:50:25.220458
93725542904188,sensor_35,14.14 Kwh,2021-01-27T12:48:48.147974,stored_at:2021-01-27T12:50:25.220477
83110353854119,sensor_38,19.91 Kwh,2021-01-27T12:48:48.304269,stored_at:2021-01-27T12:50:25.220489
194989548490913,sensor_17,8.49 Kwh,2021-01-27T12:48:48.420202,stored_at:2021-01-27T12:50:25.220502
60210975842016,sensor_30,17.33 Kwh,2021-01-27T12:48:48.109791,stored_at:2021-01-27T12:50:25.220513
204171180330762,sensor_39,8.57 Kwh,2021-01-27T12:48:48.113684,stored_at:2021-01-27T12:50:25.220524
110155368395140,sensor_5,4.41 Kwh,2021-01-27T12:50:18.264102,stored_at:2021-01-27T12:50:25.220535
33619790866553,sensor_14,5.45 Kwh,2021-01-27T12:49:18.975861,stored_at:2021-01-27T12:50:25.220546
107123660791460,sensor_18,18.3 Kwh,2021-01-27T12:48:48.118895,stored_at:2021-01-27T12:50:25.220557
131531418434220,sensor_37,10.03 Kwh,2021-01-27T12:49:18.162688,stored_at:2021-01-27T12:50:25.220567
244740956047023,sensor_28,22.38 Kwh,2021-01-27T12:49:18.667599,stored_at:2021-01-27T12:50:25.220578
36650574898656,sensor_20,6.22 Kwh,2021-01-27T12:48:48.052023,stored_at:2021-01-27T12:50:25.220589
160833814705371,sensor_29,19.1 Kwh,2021-01-27T12:49:19.124176,stored_at:2021-01-27T12:50:25.220600
24317532372238,sensor_3,19.05 Kwh,2021-01-27T12:50:18.477236,stored_at:2021-01-27T12:50:25.220611
162737657170649,sensor_15,7.31 Kwh,2021-01-27T12:49:20.108861,stored_at:2021-01-27T12:50:25.220622
249359238238610,sensor_13,15.78 Kwh,2021-01-27T12:49:48.999733,stored_at:2021-01-27T12:50:25.220633
12337591810343,sensor_9,17.95 Kwh,2021-01-27T12:49:49.575849,stored_at:2021-01-27T12:50:25.220644
175904697405498,sensor_32,21.68 Kwh,2021-01-27T12:49:18.106012,stored_at:2021-01-27T12:50:25.220654
42130415782182,sensor_31,11.54 Kwh,2021-01-27T12:48:48.349855,stored_at:2021-01-27T12:50:25.220665
19438267179492,sensor_2,3.6 Kwh,2021-01-27T12:50:20.535011,stored_at:2021-01-27T12:50:25.220677
42509747230661,sensor_32,10.59 Kwh,2021-01-27T12:48:48.068410,stored_at:2021-01-27T12:50:25.220699
96725310750923,sensor_7,17.57 Kwh,2021-01-27T12:49:49.679103,stored_at:2021-01-27T12:50:25.220732
233497806051184,sensor_6,12.93 Kwh,2021-01-27T12:49:49.208729,stored_at:2021-01-27T12:50:25.220749
192301280053373,sensor_19,10.66 Kwh,2021-01-27T12:48:48.357014,stored_at:2021-01-27T12:50:25.220761
141292513814431,sensor_10,5.87 Kwh,2021-01-27T12:50:18.363061,stored_at:2021-01-27T12:50:25.220772
222993950819458,sensor_8,10.71 Kwh,2021-01-27T12:49:48.797834,stored_at:2021-01-27T12:50:25.220783
177387563679347,sensor_21,8.13 Kwh,2021-01-27T12:48:48.249457,stored_at:2021-01-27T12:50:25.220794
91780530620355,sensor_27,6.7 Kwh,2021-01-27T12:49:20.043150,stored_at:2021-01-27T12:50:25.220807
147988270167053,sensor_4,9.46 Kwh,2021-01-27T12:49:49.504798,stored_at:2021-01-27T12:50:25.220818
1350072990204,sensor_33,20.0 Kwh,2021-01-27T12:48:48.272978,stored_at:2021-01-27T12:50:25.220829
218801744665401,sensor_36,14.21 Kwh,2021-01-27T12:48:48.376744,stored_at:2021-01-27T12:50:25.220840
15186801097822,sensor_12,13.05 Kwh,2021-01-27T12:50:18.042362,stored_at:2021-01-27T12:50:25.220851
160097866989579,sensor_23,15.49 Kwh,2021-01-27T12:48:48.162106,stored_at:2021-01-27T12:50:25.220862
255291333650866,sensor_30,15.15 Kwh,2021-01-27T12:49:18.211290,stored_at:2021-01-27T12:50:25.220873
255673249050694,sensor_11,4.82 Kwh,2021-01-27T12:49:49.358485,stored_at:2021-01-27T12:50:25.220884
144353502390878,sensor_26,15.55 Kwh,2021-01-27T12:49:18.867443,stored_at:2021-01-27T12:50:25.220895
275539627627315,sensor_1,8.12 Kwh,2021-01-27T12:50:19.691336,stored_at:2021-01-27T12:50:25.220906
95164048034963,sensor_47,5.68 Kwh,2021-01-27T12:48:48.166868,stored_at:2021-01-27T12:50:57.220471
66170451286409,sensor_26,6.89 Kwh,2021-01-27T12:49:49.241664,stored_at:2021-01-27T12:50:57.220526
32048600103538,sensor_11,8.72 Kwh,2021-01-27T12:50:20.188600,stored_at:2021-01-27T12:50:57.220542
7728762021070,sensor_3,4.45 Kwh,2021-01-27T12:50:48.661834,stored_at:2021-01-27T12:50:57.220554
118077135045090,sensor_35,21.0 Kwh,2021-01-27T12:49:18.303066,stored_at:2021-01-27T12:50:57.220567
160287436102970,sensor_9,12.39 Kwh,2021-01-27T12:50:20.424892,stored_at:2021-01-27T12:50:57.220589
36625301836203,sensor_8,5.31 Kwh,2021-01-27T12:50:19.444541,stored_at:2021-01-27T12:50:57.220602
51159062415457,sensor_25,13.13 Kwh,2021-01-27T12:49:48.184902,stored_at:2021-01-27T12:50:57.220613
109570169343094,sensor_38,6.29 Kwh,2021-01-27T12:49:18.915333,stored_at:2021-01-27T12:50:57.220624
53392621143435,sensor_21,8.63 Kwh,2021-01-27T12:49:18.790042,stored_at:2021-01-27T12:50:57.220635
73622934187754,sensor_19,4.2 Kwh,2021-01-27T12:49:19.020047,stored_at:2021-01-27T12:50:57.220646
260511453923670,sensor_17,8.52 Kwh,2021-01-27T12:49:19.092921,stored_at:2021-01-27T12:50:57.220657
274283865615677,sensor_7,12.43 Kwh,2021-01-27T12:50:20.584186,stored_at:2021-01-27T12:50:57.220668
274381531910409,sensor_2,11.54 Kwh,2021-01-27T12:50:52.006133,stored_at:2021-01-27T12:50:57.220679
271791175143500,sensor_32,13.11 Kwh,2021-01-27T12:49:48.154710,stored_at:2021-01-27T12:50:57.220690
93950629949314,sensor_5,9.88 Kwh,2021-01-27T12:50:48.434158,stored_at:2021-01-27T12:50:57.220701
216509370837304,sensor_29,3.54 Kwh,2021-01-27T12:49:49.626417,stored_at:2021-01-27T12:50:57.220712
248976398253346,sensor_40,17.55 Kwh,2021-01-27T12:48:48.195455,stored_at:2021-01-27T12:50:57.220723
12451048643670,sensor_10,6.82 Kwh,2021-01-27T12:50:48.526426,stored_at:2021-01-27T12:50:57.220734
246890084142926,sensor_27,18.66 Kwh,2021-01-27T12:49:51.154152,stored_at:2021-01-27T12:50:57.220765
27447748294862,sensor_31,16.91 Kwh,2021-01-27T12:49:19.015190,stored_at:2021-01-27T12:50:57.220794
173730601301406,sensor_14,15.54 Kwh,2021-01-27T12:49:49.454351,stored_at:2021-01-27T12:50:57.220808
249127004855381,sensor_44,4.04 Kwh,2021-01-27T12:48:48.060696,stored_at:2021-01-27T12:50:57.220819
247049337851986,sensor_12,18.04 Kwh,2021-01-27T12:50:48.041522,stored_at:2021-01-27T12:50:57.220830
33899963720463,sensor_37,8.71 Kwh,2021-01-27T12:49:48.215177,stored_at:2021-01-27T12:50:57.220841
24324684501456,sensor_15,18.45 Kwh,2021-01-27T12:49:51.270158,stored_at:2021-01-27T12:50:57.220853
225367273698200,sensor_6,19.52 Kwh,2021-01-27T12:50:19.991224,stored_at:2021-01-27T12:50:57.220865
130743518207275,sensor_22,4.54 Kwh,2021-01-27T12:48:48.464834,stored_at:2021-01-27T12:50:57.220876
186054667054272,sensor_39,12.08 Kwh,2021-01-27T12:49:18.227925,stored_at:2021-01-27T12:50:57.220887
134982048684126,sensor_28,6.58 Kwh,2021-01-27T12:49:48.926881,stored_at:2021-01-27T12:50:57.220898
245345366753284,sensor_30,19.07 Kwh,2021-01-27T12:49:48.261920,stored_at:2021-01-27T12:50:57.220909
252138194449696,sensor_34,20.32 Kwh,2021-01-27T12:48:48.486218,stored_at:2021-01-27T12:50:57.220920
152846883217283,sensor_33,12.67 Kwh,2021-01-27T12:49:18.838865,stored_at:2021-01-27T12:50:57.220931
164881118739941,sensor_1,2.67 Kwh,2021-01-27T12:50:49.345299,stored_at:2021-01-27T12:50:57.220942
65868568888140,sensor_18,16.88 Kwh,2021-01-27T12:49:18.240202,stored_at:2021-01-27T12:50:57.220953
158149584281786,sensor_23,20.56 Kwh,2021-01-27T12:49:18.520904,stored_at:2021-01-27T12:50:57.220964
178812409711586,sensor_36,14.27 Kwh,2021-01-27T12:49:19.034695,stored_at:2021-01-27T12:50:57.220975
231620258359130,sensor_4,5.71 Kwh,2021-01-27T12:50:20.346911,stored_at:2021-01-27T12:50:57.220986
204934247631236,sensor_13,21.59 Kwh,2021-01-27T12:50:19.731706,stored_at:2021-01-27T12:50:57.220997
99350583146355,sensor_16,4.17 Kwh,2021-01-27T12:49:48.877110,stored_at:2021-01-27T12:50:57.221008
242567982603777,sensor_24,8.48 Kwh,2021-01-27T12:48:48.389475,stored_at:2021-01-27T12:50:57.221019
162864957393536,sensor_20,14.0 Kwh,2021-01-27T12:49:18.053999,stored_at:2021-01-27T12:50:57.221030
189631251521611,sensor_48,17.42 Kwh,2021-01-27T12:48:48.394348,stored_at:2021-01-27T12:51:29.220497
33909412131062,sensor_26,4.27 Kwh,2021-01-27T12:50:20.022470,stored_at:2021-01-27T12:51:29.220557
223009883413951,sensor_25,11.75 Kwh,2021-01-27T12:50:18.265664,stored_at:2021-01-27T12:51:29.220594
117724496724237,sensor_47,17.54 Kwh,2021-01-27T12:49:18.529056,stored_at:2021-01-27T12:51:29.220618
220168785462547,sensor_33,16.93 Kwh,2021-01-27T12:49:49.207587,stored_at:2021-01-27T12:51:29.220649
19334781823912,sensor_14,21.37 Kwh,2021-01-27T12:50:20.291191,stored_at:2021-01-27T12:51:29.220673
190634217400625,sensor_50,21.67 Kwh,2021-01-27T12:48:48.293934,stored_at:2021-01-27T12:51:29.220693
125555844494637,sensor_12,6.05 Kwh,2021-01-27T12:51:18.041976,stored_at:2021-01-27T12:51:29.220713
212923416314383,sensor_28,4.6 Kwh,2021-01-27T12:50:19.629080,stored_at:2021-01-27T12:51:29.220734
234211173181292,sensor_35,9.3 Kwh,2021-01-27T12:49:48.650465,stored_at:2021-01-27T12:51:29.220754
115846113601875,sensor_16,6.84 Kwh,2021-01-27T12:50:19.559944,stored_at:2021-01-27T12:51:29.220775
225273482079248,sensor_51,21.4 Kwh,2021-01-27T12:48:48.151918,stored_at:2021-01-27T12:51:29.220795
63400150447000,sensor_20,8.63 Kwh,2021-01-27T12:49:48.052283,stored_at:2021-01-27T12:51:29.220818
187147403122782,sensor_40,20.44 Kwh,2021-01-27T12:49:18.657358,stored_at:2021-01-27T12:51:29.220839
70027574149234,sensor_17,19.96 Kwh,2021-01-27T12:49:49.585811,stored_at:2021-01-27T12:51:29.220860
152449580734656,sensor_41,20.34 Kwh,2021-01-27T12:48:48.435960,stored_at:2021-01-27T12:51:29.220880
33694063031067,sensor_21,6.03 Kwh,2021-01-27T12:49:49.135591,stored_at:2021-01-27T12:51:29.220900
160239627323761,sensor_6,6.88 Kwh,2021-01-27T12:50:51.344301,stored_at:2021-01-27T12:51:29.220921
216704220147025,sensor_27,16.81 Kwh,2021-01-27T12:50:20.628502,stored_at:2021-01-27T12:51:29.220942
51006261380859,sensor_54,8.57 Kwh,2021-01-27T12:48:48.129653,stored_at:2021-01-27T12:51:29.220963
56407760546214,sensor_22,8.48 Kwh,2021-01-27T12:49:19.970230,stored_at:2021-01-27T12:51:29.220984
45699110987761,sensor_44,12.13 Kwh,2021-01-27T12:49:18.085190,stored_at:2021-01-27T12:51:29.221004
163082799017550,sensor_52,11.83 Kwh,2021-01-27T12:48:48.212630,stored_at:2021-01-27T12:51:29.221025
54578088902640,sensor_9,22.48 Kwh,2021-01-27T12:50:51.890104,stored_at:2021-01-27T12:51:29.221046
220557073063421,sensor_3,10.95 Kwh,2021-01-27T12:51:18.699926,stored_at:2021-01-27T12:51:29.221066
271187341738591,sensor_30,19.8 Kwh,2021-01-27T12:50:18.374083,stored_at:2021-01-27T12:51:29.221086
157053114248042,sensor_53,14.06 Kwh,2021-01-27T12:48:48.450347,stored_at:2021-01-27T12:51:29.221107
259623860459290,sensor_5,21.64 Kwh,2021-01-27T12:51:18.443133,stored_at:2021-01-27T12:51:29.221128
127378216477093,sensor_2,19.83 Kwh,2021-01-27T12:51:22.311269,stored_at:2021-01-27T12:51:29.221149
255522998128347,sensor_1,8.43 Kwh,2021-01-27T12:51:19.448175,stored_at:2021-01-27T12:51:29.221170
10139670420303,sensor_31,11.4 Kwh,2021-01-27T12:49:49.491164,stored_at:2021-01-27T12:51:29.221191
117412974197350,sensor_32,10.98 Kwh,2021-01-27T12:50:18.217841,stored_at:2021-01-27T12:51:29.221212
165590768389662,sensor_56,22.23 Kwh,2021-01-27T12:48:48.072565,stored_at:2021-01-27T12:51:29.221233
39569681191985,sensor_18,12.33 Kwh,2021-01-27T12:49:48.495571,stored_at:2021-01-27T12:51:29.221254
250243611061955,sensor_11,22.27 Kwh,2021-01-27T12:50:51.593038,stored_at:2021-01-27T12:51:29.221275
97558658961787,sensor_4,2.53 Kwh,2021-01-27T12:50:51.798742,stored_at:2021-01-27T12:51:29.221295
144235122502267,sensor_36,6.61 Kwh,2021-01-27T12:49:49.505962,stored_at:2021-01-27T12:51:29.221316
205007858229253,sensor_29,18.86 Kwh,2021-01-27T12:50:20.511775,stored_at:2021-01-27T12:51:29.221337
204015922721341,sensor_19,2.86 Kwh,2021-01-27T12:49:49.495331,stored_at:2021-01-27T12:51:29.221358
86943379896885,sensor_43,2.51 Kwh,2021-01-27T12:48:48.368223,stored_at:2021-01-27T12:51:29.221378
177838349019319,sensor_46,13.08 Kwh,2021-01-27T12:48:48.480254,stored_at:2021-01-27T12:51:29.221399
76714450800415,sensor_7,5.18 Kwh,2021-01-27T12:50:52.056015,stored_at:2021-01-27T12:51:29.221420
13687036886632,sensor_45,3.68 Kwh,2021-01-27T12:48:48.264068,stored_at:2021-01-27T12:51:29.221441
281439296323282,sensor_15,9.63 Kwh,2021-01-27T12:50:20.745639,stored_at:2021-01-27T12:51:29.221462
174550822179795,sensor_8,3.78 Kwh,2021-01-27T12:50:49.034358,stored_at:2021-01-27T12:51:29.221483
23735026192221,sensor_49,9.02 Kwh,2021-01-27T12:48:48.086559,stored_at:2021-01-27T12:51:29.221512
129103817023110,sensor_37,21.81 Kwh,2021-01-27T12:50:18.294666,stored_at:2021-01-27T12:51:29.221534
56439776635285,sensor_24,20.37 Kwh,2021-01-27T12:49:19.056137,stored_at:2021-01-27T12:51:29.221555
93865900413627,sensor_23,12.45 Kwh,2021-01-27T12:49:48.736425,stored_at:2021-01-27T12:51:29.221576
148390877303673,sensor_13,10.69 Kwh,2021-01-27T12:50:49.390390,stored_at:2021-01-27T12:51:29.221596
6473261452901,sensor_39,21.39 Kwh,2021-01-27T12:49:48.292066,stored_at:2021-01-27T12:51:29.221617
8700746869121,sensor_38,13.47 Kwh,2021-01-27T12:49:49.309733,stored_at:2021-01-27T12:51:29.221637
58609982793621,sensor_10,14.79 Kwh,2021-01-27T12:51:18.550941,stored_at:2021-01-27T12:51:29.221658
104259965364164,sensor_42,8.2 Kwh,2021-01-27T12:48:48.124945,stored_at:2021-01-27T12:51:29.221679
107252209752534,sensor_34,9.99 Kwh,2021-01-27T12:49:20.003021,stored_at:2021-01-27T12:51:29.221700
231661704716568,sensor_31,20.71 Kwh,2021-01-27T12:50:20.328755,stored_at:2021-01-27T12:52:01.220381
193114902337247,sensor_50,19.38 Kwh,2021-01-27T12:49:18.905022,stored_at:2021-01-27T12:52:01.220441
160564865905978,sensor_44,14.94 Kwh,2021-01-27T12:49:48.114669,stored_at:2021-01-27T12:52:01.220458
120586260833191,sensor_33,18.13 Kwh,2021-01-27T12:50:19.989603,stored_at:2021-01-27T12:52:01.220470
25831578447879,sensor_5,12.5 Kwh,2021-01-27T12:51:48.459363,stored_at:2021-01-27T12:52:01.220483
258237208116625,sensor_29,16.6 Kwh,2021-01-27T12:50:51.981983,stored_at:2021-01-27T12:52:01.220495
200046147128658,sensor_14,17.75 Kwh,2021-01-27T12:50:51.740505,stored_at:2021-01-27T12:52:01.220507
34860539852501,sensor_11,10.51 Kwh,2021-01-27T12:51:21.885359,stored_at:2021-01-27T12:52:01.220518
158496794564531,sensor_12,14.69 Kwh,2021-01-27T12:51:48.042594,stored_at:2021-01-27T12:52:01.220529
75571562068891,sensor_51,22.48 Kwh,2021-01-27T12:49:18.457365,stored_at:2021-01-27T12:52:01.220541
42567377114917,sensor_39,9.64 Kwh,2021-01-27T12:50:18.408661,stored_at:2021-01-27T12:52:01.220552
237875647840550,sensor_20,11.75 Kwh,2021-01-27T12:50:18.054071,stored_at:2021-01-27T12:52:01.220563
114715344638855,sensor_13,19.44 Kwh,2021-01-27T12:51:19.509528,stored_at:2021-01-27T12:52:01.220574
147336155581830,sensor_25,5.33 Kwh,2021-01-27T12:50:48.435574,stored_at:2021-01-27T12:52:01.220585
141214700920655,sensor_21,12.39 Kwh,2021-01-27T12:50:19.869204,stored_at:2021-01-27T12:52:01.220597
32221809037145,sensor_41,15.41 Kwh,2021-01-27T12:49:19.120284,stored_at:2021-01-27T12:52:01.220608
15852526682487,sensor_24,15.27 Kwh,2021-01-27T12:49:49.546369,stored_at:2021-01-27T12:52:01.220619
176882297958141,sensor_16,5.71 Kwh,2021-01-27T12:50:49.171390,stored_at:2021-01-27T12:52:01.220630
66248841143866,sensor_34,17.62 Kwh,2021-01-27T12:49:49.672089,stored_at:2021-01-27T12:52:01.220642
29981930693159,sensor_3,21.33 Kwh,2021-01-27T12:51:48.712513,stored_at:2021-01-27T12:52:01.220653
233555298465580,sensor_52,21.32 Kwh,2021-01-27T12:49:18.703767,stored_at:2021-01-27T12:52:01.220664
87581048262673,sensor_30,15.22 Kwh,2021-01-27T12:50:48.537551,stored_at:2021-01-27T12:52:01.220675
48571224359832,sensor_56,16.09 Kwh,2021-01-27T12:49:18.118748,stored_at:2021-01-27T12:52:01.220686
128056679701396,sensor_53,15.65 Kwh,2021-01-27T12:49:19.145251,stored_at:2021-01-27T12:52:01.220697
231348502045245,sensor_15,2.84 Kwh,2021-01-27T12:50:52.233582,stored_at:2021-01-27T12:52:01.220708
149987647489985,sensor_7,18.12 Kwh,2021-01-27T12:51:22.353278,stored_at:2021-01-27T12:52:01.220719
149994837012317,sensor_38,15.74 Kwh,2021-01-27T12:50:20.137121,stored_at:2021-01-27T12:52:01.220732
251666704415128,sensor_4,15.55 Kwh,2021-01-27T12:51:22.100879,stored_at:2021-01-27T12:52:01.220743
266375040550066,sensor_6,5.61 Kwh,2021-01-27T12:51:21.631155,stored_at:2021-01-27T12:52:01.220754
116390527467026,sensor_55,2.85 Kwh,2021-01-27T12:48:48.353406,stored_at:2021-01-27T12:52:01.220767
176697532605039,sensor_45,7.26 Kwh,2021-01-27T12:49:18.816748,stored_at:2021-01-27T12:52:01.220779
61525258731640,sensor_37,17.85 Kwh,2021-01-27T12:50:48.466046,stored_at:2021-01-27T12:52:01.220790
101133417257054,sensor_36,19.9 Kwh,2021-01-27T12:50:20.349124,stored_at:2021-01-27T12:52:01.220812
183566177545978,sensor_23,17.59 Kwh,2021-01-27T12:50:19.324188,stored_at:2021-01-27T12:52:01.220824
110082635879345,sensor_49,16.41 Kwh,2021-01-27T12:49:18.150765,stored_at:2021-01-27T12:52:01.220836
176140184322333,sensor_43,14.76 Kwh,2021-01-27T12:49:19.029926,stored_at:2021-01-27T12:52:01.220847
199729440378636,sensor_42,6.78 Kwh,2021-01-27T12:49:18.245966,stored_at:2021-01-27T12:52:01.220858
49041847456101,sensor_1,6.05 Kwh,2021-01-27T12:51:49.472851,stored_at:2021-01-27T12:52:01.220869
124416509151183,sensor_54,18.49 Kwh,2021-01-27T12:49:18.249258,stored_at:2021-01-27T12:52:01.220880
280559579107418,sensor_2,5.85 Kwh,2021-01-27T12:51:52.580231,stored_at:2021-01-27T12:52:01.220891
141823694652612,sensor_8,4.04 Kwh,2021-01-27T12:51:19.117657,stored_at:2021-01-27T12:52:01.220902
226305583495186,sensor_35,11.17 Kwh,2021-01-27T12:50:18.604507,stored_at:2021-01-27T12:52:01.220913
106849446147088,sensor_18,5.02 Kwh,2021-01-27T12:50:18.449507,stored_at:2021-01-27T12:52:01.220924
232665425133186,sensor_9,12.79 Kwh,2021-01-27T12:51:22.185049,stored_at:2021-01-27T12:52:01.220934
101476124897534,sensor_10,15.5 Kwh,2021-01-27T12:51:48.579353,stored_at:2021-01-27T12:52:01.220945
101593718298950,sensor_28,11.45 Kwh,2021-01-27T12:50:49.238736,stored_at:2021-01-27T12:52:01.220956
99966837314484,sensor_17,9.24 Kwh,2021-01-27T12:50:20.432781,stored_at:2021-01-27T12:52:01.220967
143440580906344,sensor_19,18.31 Kwh,2021-01-27T12:50:20.332055,stored_at:2021-01-27T12:52:01.220979
182418344886974,sensor_27,21.78 Kwh,2021-01-27T12:50:52.115870,stored_at:2021-01-27T12:52:01.220989
184688722627112,sensor_46,9.32 Kwh,2021-01-27T12:49:19.992111,stored_at:2021-01-27T12:52:01.221000
35870751112818,sensor_26,18.81 Kwh,2021-01-27T12:50:51.404431,stored_at:2021-01-27T12:52:01.221011
194330869682552,sensor_22,10.17 Kwh,2021-01-27T12:49:49.657705,stored_at:2021-01-27T12:52:01.221022
320816849498,sensor_47,9.09 Kwh,2021-01-27T12:49:48.738699,stored_at:2021-01-27T12:52:01.221033
206534351299631,sensor_32,20.83 Kwh,2021-01-27T12:50:48.377899,stored_at:2021-01-27T12:52:01.221044
142022239885457,sensor_40,2.77 Kwh,2021-01-27T12:49:48.905315,stored_at:2021-01-27T12:52:01.221055
132042888492237,sensor_48,14.31 Kwh,2021-01-27T12:49:19.058925,stored_at:2021-01-27T12:52:01.221066
78582321398059,sensor_30,6.89 Kwh,2021-01-27T12:51:18.560765,stored_at:2021-01-27T12:52:33.220996
119148715513612,sensor_52,16.06 Kwh,2021-01-27T12:49:48.972939,stored_at:2021-01-27T12:52:33.221054
124056139222280,sensor_33,8.23 Kwh,2021-01-27T12:50:49.705486,stored_at:2021-01-27T12:52:33.221071
169437373301016,sensor_8,12.39 Kwh,2021-01-27T12:51:49.141021,stored_at:2021-01-27T12:52:33.221083
145989654349159,sensor_48,15.36 Kwh,2021-01-27T12:49:49.550069,stored_at:2021-01-27T12:52:33.221095
213970215331964,sensor_27,16.36 Kwh,2021-01-27T12:51:22.414792,stored_at:2021-01-27T12:52:33.221107
103289699915032,sensor_51,5.09 Kwh,2021-01-27T12:49:48.676372,stored_at:2021-01-27T12:52:33.221118
203616234721759,sensor_38,7.05 Kwh,2021-01-27T12:50:51.541979,stored_at:2021-01-27T12:52:33.221129
161296420031269,sensor_23,8.88 Kwh,2021-01-27T12:50:48.931036,stored_at:2021-01-27T12:52:33.221140
111716317534069,sensor_29,5.62 Kwh,2021-01-27T12:51:22.283294,stored_at:2021-01-27T12:52:33.221152
27116740402443,sensor_40,7.61 Kwh,2021-01-27T12:50:19.596715,stored_at:2021-01-27T12:52:33.221163
98367235724606,sensor_17,20.14 Kwh,2021-01-27T12:50:51.899290,stored_at:2021-01-27T12:52:33.221175
156089113861395,sensor_1,20.1 Kwh,2021-01-27T12:52:19.674758,stored_at:2021-01-27T12:52:33.221186
67806273690109,sensor_25,16.66 Kwh,2021-01-27T12:51:18.445427,stored_at:2021-01-27T12:52:33.221197
242427297110336,sensor_32,12.21 Kwh,2021-01-27T12:51:18.369336,stored_at:2021-01-27T12:52:33.221209
281303279353146,sensor_50,5.09 Kwh,2021-01-27T12:49:49.298302,stored_at:2021-01-27T12:52:33.221220
81933889049006,sensor_21,5.22 Kwh,2021-01-27T12:50:49.589606,stored_at:2021-01-27T12:52:33.221231
273323163961011,sensor_19,17.51 Kwh,2021-01-27T12:50:51.787412,stored_at:2021-01-27T12:52:33.221253
270592680719109,sensor_15,6.2 Kwh,2021-01-27T12:51:22.539731,stored_at:2021-01-27T12:52:33.221265
34359688059274,sensor_3,21.68 Kwh,2021-01-27T12:52:18.793653,stored_at:2021-01-27T12:52:33.221290
135804955172987,sensor_18,16.95 Kwh,2021-01-27T12:50:48.632016,stored_at:2021-01-27T12:52:33.221322
106494323197458,sensor_43,13.69 Kwh,2021-01-27T12:49:49.501524,stored_at:2021-01-27T12:52:33.221336
182175718164158,sensor_37,5.92 Kwh,2021-01-27T12:51:18.482630,stored_at:2021-01-27T12:52:33.221348
207506794388160,sensor_2,9.54 Kwh,2021-01-27T12:52:23.653763,stored_at:2021-01-27T12:52:33.221359
131985737242705,sensor_6,17.04 Kwh,2021-01-27T12:51:49.851858,stored_at:2021-01-27T12:52:33.221370
32337427982441,sensor_46,14.8 Kwh,2021-01-27T12:49:49.667780,stored_at:2021-01-27T12:52:33.221381
16206460412868,sensor_36,13.3 Kwh,2021-01-27T12:50:51.800352,stored_at:2021-01-27T12:52:33.221393
574816100602,sensor_24,11.39 Kwh,2021-01-27T12:50:20.394760,stored_at:2021-01-27T12:52:33.221405
215484705879780,sensor_11,8.6 Kwh,2021-01-27T12:51:52.147519,stored_at:2021-01-27T12:52:33.221416
94759139325812,sensor_42,15.49 Kwh,2021-01-27T12:49:48.505985,stored_at:2021-01-27T12:52:33.221427
147317186361390,sensor_55,22.31 Kwh,2021-01-27T12:49:19.018169,stored_at:2021-01-27T12:52:33.221438
20909810361986,sensor_14,21.59 Kwh,2021-01-27T12:51:22.040524,stored_at:2021-01-27T12:52:33.221449
259703262543207,sensor_54,9.29 Kwh,2021-01-27T12:49:48.514821,stored_at:2021-01-27T12:52:33.221460
73103301615666,sensor_4,13.42 Kwh,2021-01-27T12:51:52.366933,stored_at:2021-01-27T12:52:33.221471
179568099406426,sensor_41,15.69 Kwh,2021-01-27T12:49:49.623146,stored_at:2021-01-27T12:52:33.221482
167112806682391,sensor_26,15.58 Kwh,2021-01-27T12:51:21.692472,stored_at:2021-01-27T12:52:33.221493
122503955971786,sensor_28,15.8 Kwh,2021-01-27T12:51:19.339415,stored_at:2021-01-27T12:52:33.221504
152713827428788,sensor_12,15.75 Kwh,2021-01-27T12:52:18.042219,stored_at:2021-01-27T12:52:33.221515
92446212274157,sensor_7,16.89 Kwh,2021-01-27T12:51:52.631305,stored_at:2021-01-27T12:52:33.221526
269024642193338,sensor_49,17.8 Kwh,2021-01-27T12:49:48.192161,stored_at:2021-01-27T12:52:33.221537
247137815558145,sensor_34,8.19 Kwh,2021-01-27T12:50:20.564887,stored_at:2021-01-27T12:52:33.221549
100472162213995,sensor_9,22.06 Kwh,2021-01-27T12:51:52.462779,stored_at:2021-01-27T12:52:33.221560
248124746904583,sensor_56,11.22 Kwh,2021-01-27T12:49:48.182002,stored_at:2021-01-27T12:52:33.221571
270925445410380,sensor_16,7.85 Kwh,2021-01-27T12:51:19.269570,stored_at:2021-01-27T12:52:33.221582
90706809306818,sensor_53,20.31 Kwh,2021-01-27T12:49:49.644568,stored_at:2021-01-27T12:52:33.221593
138753428211339,sensor_39,5.68 Kwh,2021-01-27T12:50:48.588765,stored_at:2021-01-27T12:52:33.221604
106961128530521,sensor_10,22.15 Kwh,2021-01-27T12:52:18.641372,stored_at:2021-01-27T12:52:33.221615
33052005914599,sensor_47,16.07 Kwh,2021-01-27T12:50:19.335921,stored_at:2021-01-27T12:52:33.221626
117776982908907,sensor_31,18.85 Kwh,2021-01-27T12:50:51.782516,stored_at:2021-01-27T12:52:33.221637
114566613221236,sensor_45,9.31 Kwh,2021-01-27T12:49:49.195149,stored_at:2021-01-27T12:52:33.221648
186683547439235,sensor_20,14.72 Kwh,2021-01-27T12:50:48.053659,stored_at:2021-01-27T12:52:33.221659
110510962738101,sensor_22,19.14 Kwh,2021-01-27T12:50:20.545101,stored_at:2021-01-27T12:52:33.221670
230431283570410,sensor_44,11.68 Kwh,2021-01-27T12:50:18.154480,stored_at:2021-01-27T12:52:33.221681
208633325064261,sensor_5,10.73 Kwh,2021-01-27T12:52:18.515936,stored_at:2021-01-27T12:52:33.221692
58117925365049,sensor_35,19.35 Kwh,2021-01-27T12:50:48.799882,stored_at:2021-01-27T12:52:33.221703
40371732329466,sensor_13,20.06 Kwh,2021-01-27T12:51:49.522924,stored_at:2021-01-27T12:52:33.221715
35415815626676,sensor_55,17.08 Kwh,2021-01-27T12:49:49.494207,stored_at:2021-01-27T12:53:05.221205
97672881699558,sensor_33,4.51 Kwh,2021-01-27T12:51:21.623324,stored_at:2021-01-27T12:53:05.221265
174513693033929,sensor_53,3.68 Kwh,2021-01-27T12:50:20.530389,stored_at:2021-01-27T12:53:05.221293
140074341055805,sensor_31,21.6 Kwh,2021-01-27T12:51:22.081562,stored_at:2021-01-27T12:53:05.221307
113619239956687,sensor_41,9.77 Kwh,2021-01-27T12:50:20.506962,stored_at:2021-01-27T12:53:05.221318
259265626836949,sensor_13,6.48 Kwh,2021-01-27T12:52:19.746364,stored_at:2021-01-27T12:53:05.221330
199586208292782,sensor_21,20.01 Kwh,2021-01-27T12:51:19.710804,stored_at:2021-01-27T12:53:05.221341
89722852238750,sensor_39,15.19 Kwh,2021-01-27T12:51:18.617334,stored_at:2021-01-27T12:53:05.221352
236029258427590,sensor_40,10.28 Kwh,2021-01-27T12:50:49.209509,stored_at:2021-01-27T12:53:05.221364
21310777786737,sensor_28,14.67 Kwh,2021-01-27T12:51:49.373185,stored_at:2021-01-27T12:53:05.221375
261981118574851,sensor_5,14.48 Kwh,2021-01-27T12:52:48.430738,stored_at:2021-01-27T12:53:05.221386
8434894161096,sensor_30,3.1 Kwh,2021-01-27T12:51:48.589647,stored_at:2021-01-27T12:53:05.221398
12031260386584,sensor_36,8.11 Kwh,2021-01-27T12:51:22.101988,stored_at:2021-01-27T12:53:05.221410
59812200112109,sensor_38,7.1 Kwh,2021-01-27T12:51:21.834739,stored_at:2021-01-27T12:53:05.221422
198779298412626,sensor_29,18.88 Kwh,2021-01-27T12:51:52.554005,stored_at:2021-01-27T12:53:05.221434
213999086575631,sensor_22,14.81 Kwh,2021-01-27T12:50:52.016840,stored_at:2021-01-27T12:53:05.221445
274158500410194,sensor_2,20.5 Kwh,2021-01-27T12:52:52.339996,stored_at:2021-01-27T12:53:05.221456
175405645708900,sensor_43,22.31 Kwh,2021-01-27T12:50:20.341529,stored_at:2021-01-27T12:53:05.221467
211603410149930,sensor_47,22.28 Kwh,2021-01-27T12:50:48.936535,stored_at:2021-01-27T12:53:05.221478
134424378521981,sensor_34,10.21 Kwh,2021-01-27T12:50:52.034931,stored_at:2021-01-27T12:53:05.221490
89802489544757,sensor_10,12.08 Kwh,2021-01-27T12:52:48.540240,stored_at:2021-01-27T12:53:05.221501
213467886321728,sensor_19,19.46 Kwh,2021-01-27T12:51:22.085734,stored_at:2021-01-27T12:53:05.221512
83348987416402,sensor_18,16.38 Kwh,2021-01-27T12:51:18.657084,stored_at:2021-01-27T12:53:05.221524
157306228363516,sensor_44,19.29 Kwh,2021-01-27T12:50:48.275913,stored_at:2021-01-27T12:53:05.221535
266564949846862,sensor_3,18.91 Kwh,2021-01-27T12:52:48.690101,stored_at:2021-01-27T12:53:05.221546
93690180970874,sensor_15,22.45 Kwh,2021-01-27T12:51:52.804456,stored_at:2021-01-27T12:53:05.221559
62803253929644,sensor_35,3.31 Kwh,2021-01-27T12:51:18.858653,stored_at:2021-01-27T12:53:05.221572
131121322897600,sensor_50,17.26 Kwh,2021-01-27T12:50:20.120696,stored_at:2021-01-27T12:53:05.221583
263569337368042,sensor_23,15.75 Kwh,2021-01-27T12:51:19.017284,stored_at:2021-01-27T12:53:05.221594
128156621592152,sensor_4,21.69 Kwh,2021-01-27T12:52:23.385233,stored_at:2021-01-27T12:53:05.221606
165704757566526,sensor_45,9.65 Kwh,2021-01-27T12:50:19.971343,stored_at:2021-01-27T12:53:05.221617
114899449140641,sensor_25,14.38 Kwh,2021-01-27T12:51:48.462497,stored_at:2021-01-27T12:53:05.221629
278643366816512,sensor_24,17.68 Kwh,2021-01-27T12:50:51.845482,stored_at:2021-01-27T12:53:05.221640
266766896254902,sensor_46,16.09 Kwh,2021-01-27T12:50:20.559219,stored_at:2021-01-27T12:53:05.221652
159622372307267,sensor_12,2.5 Kwh,2021-01-27T12:52:48.041432,stored_at:2021-01-27T12:53:05.221662
182857370903951,sensor_17,19.23 Kwh,2021-01-27T12:51:22.196050,stored_at:2021-01-27T12:53:05.221673
68655974019619,sensor_14,19.64 Kwh,2021-01-27T12:51:52.301125,stored_at:2021-01-27T12:53:05.221685
30345995255882,sensor_54,4.62 Kwh,2021-01-27T12:50:18.457327,stored_at:2021-01-27T12:53:05.221696
123297074553764,sensor_51,10.07 Kwh,2021-01-27T12:50:18.639341,stored_at:2021-01-27T12:53:05.221706
265758515303729,sensor_56,12.16 Kwh,2021-01-27T12:50:18.262627,stored_at:2021-01-27T12:53:05.221718
196907105279150,sensor_49,22.27 Kwh,2021-01-27T12:50:18.273384,stored_at:2021-01-27T12:53:05.221729
88236085327090,sensor_1,11.55 Kwh,2021-01-27T12:52:49.416131,stored_at:2021-01-27T12:53:05.221741
84017380924887,sensor_48,6.35 Kwh,2021-01-27T12:50:20.398614,stored_at:2021-01-27T12:53:05.221752
112359571845382,sensor_32,15.75 Kwh,2021-01-27T12:51:48.396653,stored_at:2021-01-27T12:53:05.221764
238785944855131,sensor_42,16.67 Kwh,2021-01-27T12:50:18.454361,stored_at:2021-01-27T12:53:05.221779
107361471204160,sensor_6,12.69 Kwh,2021-01-27T12:52:20.115218,stored_at:2021-01-27T12:53:05.221791
86399873488714,sensor_7,11.83 Kwh,2021-01-27T12:52:24.185142,stored_at:2021-01-27T12:53:05.221804
17017381889986,sensor_27,18.83 Kwh,2021-01-27T12:51:52.682950,stored_at:2021-01-27T12:53:05.221815
164169416324172,sensor_26,10.52 Kwh,2021-01-27T12:51:49.876765,stored_at:2021-01-27T12:53:05.221827
119330787950821,sensor_37,20.49 Kwh,2021-01-27T12:51:48.512809,stored_at:2021-01-27T12:53:05.221838
12518057701764,sensor_11,16.28 Kwh,2021-01-27T12:52:20.350424,stored_at:2021-01-27T12:53:05.221849
220798643674173,sensor_9,11.83 Kwh,2021-01-27T12:52:23.503520,stored_at:2021-01-27T12:53:05.221860
141530165065675,sensor_16,16.0 Kwh,2021-01-27T12:51:49.303862,stored_at:2021-01-27T12:53:05.221870
197984814405026,sensor_20,10.11 Kwh,2021-01-27T12:51:18.055196,stored_at:2021-01-27T12:53:05.221881
104486507310187,sensor_8,19.42 Kwh,2021-01-27T12:52:19.294154,stored_at:2021-01-27T12:53:05.221892
21192448143242,sensor_52,7.18 Kwh,2021-01-27T12:50:19.686326,stored_at:2021-01-27T12:53:05.221903
78792253009075,sensor_6,6.13 Kwh,2021-01-27T12:52:51.692018,stored_at:2021-01-27T12:53:37.221180
59239745663049,sensor_40,16.57 Kwh,2021-01-27T12:51:19.306683,stored_at:2021-01-27T12:53:37.221243
234336690072489,sensor_35,3.99 Kwh,2021-01-27T12:51:48.895316,stored_at:2021-01-27T12:53:37.221269
47717548853974,sensor_24,6.95 Kwh,2021-01-27T12:51:22.143352,stored_at:2021-01-27T12:53:37.221289
279711167837011,sensor_16,15.11 Kwh,2021-01-27T12:52:19.466780,stored_at:2021-01-27T12:53:37.221308
182230941096526,sensor_18,14.24 Kwh,2021-01-27T12:51:48.673327,stored_at:2021-01-27T12:53:37.221327
237300222271469,sensor_49,3.53 Kwh,2021-01-27T12:50:48.444012,stored_at:2021-01-27T12:53:37.221347
124012951769748,sensor_50,11.23 Kwh,2021-01-27T12:50:51.519470,stored_at:2021-01-27T12:53:37.221367
130675932207936,sensor_45,4.33 Kwh,2021-01-27T12:50:49.687989,stored_at:2021-01-27T12:53:37.221387
233255151884033,sensor_41,11.83 Kwh,2021-01-27T12:50:51.977245,stored_at:2021-01-27T12:53:37.221406
42284171263916,sensor_27,13.54 Kwh,2021-01-27T12:52:24.616783,stored_at:2021-01-27T12:53:37.221427
183415436789173,sensor_9,9.08 Kwh,2021-01-27T12:52:52.207947,stored_at:2021-01-27T12:53:37.221447
55583338062939,sensor_55,22.36 Kwh,2021-01-27T12:50:20.331032,stored_at:2021-01-27T12:53:37.221468
126455142652720,sensor_51,11.13 Kwh,2021-01-27T12:50:48.831224,stored_at:2021-01-27T12:53:37.221490
153754400497982,sensor_37,8.81 Kwh,2021-01-27T12:52:18.564381,stored_at:2021-01-27T12:53:37.221513
267090716233720,sensor_8,17.63 Kwh,2021-01-27T12:52:49.100754,stored_at:2021-01-27T12:53:37.221534
2042223496411,sensor_30,9.73 Kwh,2021-01-27T12:52:18.653451,stored_at:2021-01-27T12:53:37.221554
129095363282047,sensor_44,13.63 Kwh,2021-01-27T12:51:18.271008,stored_at:2021-01-27T12:53:37.221576
230536523320654,sensor_31,4.67 Kwh,2021-01-27T12:51:52.347174,stored_at:2021-01-27T12:53:37.221597
23940090029088,sensor_34,4.21 Kwh,2021-01-27T12:51:22.336631,stored_at:2021-01-27T12:53:37.221618
244220347273089,sensor_19,14.33 Kwh,2021-01-27T12:51:52.351130,stored_at:2021-01-27T12:53:37.221639
851287072394,sensor_26,19.64 Kwh,2021-01-27T12:52:20.149122,stored_at:2021-01-27T12:53:37.221660
265923200243372,sensor_52,14.11 Kwh,2021-01-27T12:50:49.339733,stored_at:2021-01-27T12:53:37.221681
89341543547249,sensor_53,7.08 Kwh,2021-01-27T12:50:52.002064,stored_at:2021-01-27T12:53:37.221703
68401970028162,sensor_48,16.15 Kwh,2021-01-27T12:50:51.851412,stored_at:2021-01-27T12:53:37.221724
270661002258747,sensor_33,18.29 Kwh,2021-01-27T12:51:49.848705,stored_at:2021-01-27T12:53:37.221745
270716297513612,sensor_22,19.88 Kwh,2021-01-27T12:51:22.320347,stored_at:2021-01-27T12:53:37.221766
145111402207597,sensor_43,11.9 Kwh,2021-01-27T12:50:51.795383,stored_at:2021-01-27T12:53:37.221787
233905012789770,sensor_4,20.18 Kwh,2021-01-27T12:52:52.120434,stored_at:2021-01-27T12:53:37.221808
97335477304389,sensor_3,11.09 Kwh,2021-01-27T12:53:18.746045,stored_at:2021-01-27T12:53:37.221842
125331232241746,sensor_38,18.46 Kwh,2021-01-27T12:51:52.079552,stored_at:2021-01-27T12:53:37.221864
166386706918078,sensor_21,21.91 Kwh,2021-01-27T12:51:49.726775,stored_at:2021-01-27T12:53:37.221885
228304738267910,sensor_25,10.97 Kwh,2021-01-27T12:52:18.517934,stored_at:2021-01-27T12:53:37.221905
212450881282464,sensor_5,18.47 Kwh,2021-01-27T12:53:18.479854,stored_at:2021-01-27T12:53:37.221926
74073134968421,sensor_47,4.13 Kwh,2021-01-27T12:51:19.020922,stored_at:2021-01-27T12:53:37.221946
273648268940095,sensor_32,18.62 Kwh,2021-01-27T12:52:18.433401,stored_at:2021-01-27T12:53:37.221966
46945308479544,sensor_29,8.72 Kwh,2021-01-27T12:52:23.601307,stored_at:2021-01-27T12:53:37.221986
26360878739906,sensor_11,20.41 Kwh,2021-01-27T12:52:51.934950,stored_at:2021-01-27T12:53:37.222007
217066405315387,sensor_15,3.71 Kwh,2021-01-27T12:52:24.952149,stored_at:2021-01-27T12:53:37.222027
267622602340494,sensor_7,17.48 Kwh,2021-01-27T12:52:52.387290,stored_at:2021-01-27T12:53:37.222048
33314672009905,sensor_46,9.35 Kwh,2021-01-27T12:50:52.029833,stored_at:2021-01-27T12:53:37.222068
174984415678175,sensor_54,8.57 Kwh,2021-01-27T12:50:48.643273,stored_at:2021-01-27T12:53:37.222088
246558792947787,sensor_42,7.47 Kwh,2021-01-27T12:50:48.639231,stored_at:2021-01-27T12:53:37.222108
191165502923751,sensor_17,5.48 Kwh,2021-01-27T12:51:52.472167,stored_at:2021-01-27T12:53:37.222128
145160506115839,sensor_12,14.96 Kwh,2021-01-27T12:53:18.041358,stored_at:2021-01-27T12:53:37.222149
74186180627215,sensor_13,17.78 Kwh,2021-01-27T12:52:49.472818,stored_at:2021-01-27T12:53:37.222170
242350308060703,sensor_56,20.02 Kwh,2021-01-27T12:50:48.433017,stored_at:2021-01-27T12:53:37.222190
107058325370784,sensor_1,11.2 Kwh,2021-01-27T12:53:19.504229,stored_at:2021-01-27T12:53:37.222210
126807803002126,sensor_39,12.62 Kwh,2021-01-27T12:51:48.639659,stored_at:2021-01-27T12:53:37.222231
133107587365069,sensor_28,3.57 Kwh,2021-01-27T12:52:19.550372,stored_at:2021-01-27T12:53:37.222252
170861011651582,sensor_36,8.41 Kwh,2021-01-27T12:51:52.368910,stored_at:2021-01-27T12:53:37.222272
156175670548591,sensor_20,5.53 Kwh,2021-01-27T12:51:48.057343,stored_at:2021-01-27T12:53:37.222293
154987425928772,sensor_23,7.24 Kwh,2021-01-27T12:51:49.040021,stored_at:2021-01-27T12:53:37.222314
245459532378599,sensor_14,4.65 Kwh,2021-01-27T12:52:23.200958,stored_at:2021-01-27T12:53:37.222334
1750909417824,sensor_10,14.49 Kwh,2021-01-27T12:53:18.587176,stored_at:2021-01-27T12:53:37.222354
187583470634902,sensor_2,12.63 Kwh,2021-01-27T12:53:22.751530,stored_at:2021-01-27T12:53:37.222374
129763831590499,sensor_48,8.93 Kwh,2021-01-27T12:51:22.147579,stored_at:2021-01-27T12:54:09.220801
48023183380579,sensor_46,4.5 Kwh,2021-01-27T12:51:22.332105,stored_at:2021-01-27T12:54:09.220860
257428450746052,sensor_21,22.03 Kwh,2021-01-27T12:52:19.975816,stored_at:2021-01-27T12:54:09.220877
208228001537207,sensor_8,7.79 Kwh,2021-01-27T12:53:19.178341,stored_at:2021-01-27T12:54:09.220890
97525774892078,sensor_14,21.46 Kwh,2021-01-27T12:52:52.064453,stored_at:2021-01-27T12:54:09.220902
100010021014292,sensor_51,14.93 Kwh,2021-01-27T12:51:18.890396,stored_at:2021-01-27T12:54:09.220914
38510141941803,sensor_6,8.16 Kwh,2021-01-27T12:53:19.873177,stored_at:2021-01-27T12:54:09.220926
201440578495090,sensor_4,7.73 Kwh,2021-01-27T12:53:22.534704,stored_at:2021-01-27T12:54:09.220937
254845826014556,sensor_30,3.49 Kwh,2021-01-27T12:52:48.552294,stored_at:2021-01-27T12:54:09.220948
129966805071252,sensor_50,7.41 Kwh,2021-01-27T12:51:21.804256,stored_at:2021-01-27T12:54:09.220960
254714136171164,sensor_53,9.73 Kwh,2021-01-27T12:51:22.306401,stored_at:2021-01-27T12:54:09.220971
54427896056363,sensor_5,11.0 Kwh,2021-01-27T12:53:48.463110,stored_at:2021-01-27T12:54:09.220983
84462267489863,sensor_11,6.05 Kwh,2021-01-27T12:53:22.274176,stored_at:2021-01-27T12:54:09.220994
172517816185803,sensor_54,8.62 Kwh,2021-01-27T12:51:18.668129,stored_at:2021-01-27T12:54:09.221005
244127185167876,sensor_1,15.71 Kwh,2021-01-27T12:53:49.463613,stored_at:2021-01-27T12:54:09.221016
24212941504751,sensor_3,13.83 Kwh,2021-01-27T12:53:48.714177,stored_at:2021-01-27T12:54:09.221037
173909833017131,sensor_28,10.46 Kwh,2021-01-27T12:52:49.310362,stored_at:2021-01-27T12:54:09.221050
85427087682094,sensor_24,14.07 Kwh,2021-01-27T12:51:52.413639,stored_at:2021-01-27T12:54:09.221061
158885697262000,sensor_23,15.31 Kwh,2021-01-27T12:52:19.185332,stored_at:2021-01-27T12:54:09.221072
143749980103778,sensor_17,10.77 Kwh,2021-01-27T12:52:23.513330,stored_at:2021-01-27T12:54:09.221083
77316896229977,sensor_39,21.19 Kwh,2021-01-27T12:52:18.707848,stored_at:2021-01-27T12:54:09.221094
274124698675806,sensor_37,6.54 Kwh,2021-01-27T12:52:48.479052,stored_at:2021-01-27T12:54:09.221105
183011783489750,sensor_20,19.58 Kwh,2021-01-27T12:52:18.058737,stored_at:2021-01-27T12:54:09.221115
80530999962367,sensor_49,17.08 Kwh,2021-01-27T12:51:18.451923,stored_at:2021-01-27T12:54:09.221126
111471076481267,sensor_31,11.31 Kwh,2021-01-27T12:52:23.365919,stored_at:2021-01-27T12:54:09.221137
117713731683987,sensor_56,4.7 Kwh,2021-01-27T12:51:18.441625,stored_at:2021-01-27T12:54:09.221148
142658892168275,sensor_40,5.28 Kwh,2021-01-27T12:51:49.339293,stored_at:2021-01-27T12:54:09.221159
45219284515970,sensor_19,3.1 Kwh,2021-01-27T12:52:23.372208,stored_at:2021-01-27T12:54:09.221170
269904216145767,sensor_45,4.99 Kwh,2021-01-27T12:51:19.807936,stored_at:2021-01-27T12:54:09.221181
256733038190865,sensor_38,5.59 Kwh,2021-01-27T12:52:20.289629,stored_at:2021-01-27T12:54:09.221191
62865014272926,sensor_9,17.27 Kwh,2021-01-27T12:53:22.628325,stored_at:2021-01-27T12:54:09.221204
187147158395855,sensor_29,16.57 Kwh,2021-01-27T12:52:52.312448,stored_at:2021-01-27T12:54:09.221215
91053001145064,sensor_25,22.07 Kwh,2021-01-27T12:52:48.434080,stored_at:2021-01-27T12:54:09.221226
163961615275375,sensor_10,21.06 Kwh,2021-01-27T12:53:48.565651,stored_at:2021-01-27T12:54:09.221237
260842435330463,sensor_15,16.33 Kwh,2021-01-27T12:52:52.571957,stored_at:2021-01-27T12:54:09.221248
39865292814614,sensor_13,11.59 Kwh,2021-01-27T12:53:19.564378,stored_at:2021-01-27T12:54:09.221259
30538621222777,sensor_26,8.63 Kwh,2021-01-27T12:52:51.756226,stored_at:2021-01-27T12:54:09.221270
174302809045690,sensor_33,20.16 Kwh,2021-01-27T12:52:20.113427,stored_at:2021-01-27T12:54:09.221280
253178109283993,sensor_36,6.89 Kwh,2021-01-27T12:52:23.389038,stored_at:2021-01-27T12:54:09.221291
163312251532395,sensor_43,17.25 Kwh,2021-01-27T12:51:22.096116,stored_at:2021-01-27T12:54:09.221302
99665983305112,sensor_35,16.17 Kwh,2021-01-27T12:52:18.993724,stored_at:2021-01-27T12:54:09.221313
248807080610798,sensor_18,11.57 Kwh,2021-01-27T12:52:18.749310,stored_at:2021-01-27T12:54:09.221324
151614331481304,sensor_42,17.72 Kwh,2021-01-27T12:51:18.663106,stored_at:2021-01-27T12:54:09.221335
233473504355581,sensor_2,10.95 Kwh,2021-01-27T12:53:52.425202,stored_at:2021-01-27T12:54:09.221345
250443183202404,sensor_16,13.04 Kwh,2021-01-27T12:52:49.245420,stored_at:2021-01-27T12:54:09.221356
62581345764442,sensor_12,19.73 Kwh,2021-01-27T12:53:48.041087,stored_at:2021-01-27T12:54:09.221367
139674754712939,sensor_52,7.04 Kwh,2021-01-27T12:51:19.444175,stored_at:2021-01-27T12:54:09.221378
143097278572384,sensor_41,12.41 Kwh,2021-01-27T12:51:22.279337,stored_at:2021-01-27T12:54:09.221389
281263492035196,sensor_34,4.57 Kwh,2021-01-27T12:51:52.610774,stored_at:2021-01-27T12:54:09.221399
213383603107709,sensor_22,8.37 Kwh,2021-01-27T12:51:52.591521,stored_at:2021-01-27T12:54:09.221411
16675597510657,sensor_27,18.67 Kwh,2021-01-27T12:52:52.445345,stored_at:2021-01-27T12:54:09.221422
169671914448302,sensor_44,3.5 Kwh,2021-01-27T12:51:48.289736,stored_at:2021-01-27T12:54:09.221433
254823233012918,sensor_47,7.81 Kwh,2021-01-27T12:51:49.044004,stored_at:2021-01-27T12:54:09.221444
39183281939240,sensor_32,6.3 Kwh,2021-01-27T12:52:48.365290,stored_at:2021-01-27T12:54:09.221455
105520808464256,sensor_7,20.79 Kwh,2021-01-27T12:53:22.796759,stored_at:2021-01-27T12:54:09.221466
81681938856559,sensor_55,5.17 Kwh,2021-01-27T12:50:51.785992,stored_at:2021-01-27T12:54:09.221476
13126218327376,sensor_34,19.44 Kwh,2021-01-27T12:52:23.915149,stored_at:2021-01-27T12:54:41.220828
180561283276127,sensor_21,21.67 Kwh,2021-01-27T12:52:49.666866,stored_at:2021-01-27T12:54:41.220885
86162325711385,sensor_47,10.66 Kwh,2021-01-27T12:52:19.189550,stored_at:2021-01-27T12:54:41.220902
31784574751220,sensor_24,9.26 Kwh,2021-01-27T12:52:23.436916,stored_at:2021-01-27T12:54:41.220914
109883172023438,sensor_18,6.95 Kwh,2021-01-27T12:52:48.645716,stored_at:2021-01-27T12:54:41.220926
66369833119327,sensor_41,16.29 Kwh,2021-01-27T12:51:52.548702,stored_at:2021-01-27T12:54:41.220937
143261670431894,sensor_19,11.28 Kwh,2021-01-27T12:52:52.106262,stored_at:2021-01-27T12:54:41.220949
86806358808240,sensor_50,18.14 Kwh,2021-01-27T12:51:52.027895,stored_at:2021-01-27T12:54:41.220960
78415353659244,sensor_35,18.22 Kwh,2021-01-27T12:52:48.861173,stored_at:2021-01-27T12:54:41.220971
33199608642869,sensor_31,5.21 Kwh,2021-01-27T12:52:52.101993,stored_at:2021-01-27T12:54:41.220982
15130651538282,sensor_42,2.56 Kwh,2021-01-27T12:51:48.678654,stored_at:2021-01-27T12:54:41.220994
233271004455273,sensor_12,12.44 Kwh,2021-01-27T12:54:18.041295,stored_at:2021-01-27T12:54:41.221005
50582061037381,sensor_10,9.62 Kwh,2021-01-27T12:54:18.549424,stored_at:2021-01-27T12:54:41.221016
153011355019973,sensor_44,17.28 Kwh,2021-01-27T12:52:18.314571,stored_at:2021-01-27T12:54:41.221027
65356597554374,sensor_53,6.25 Kwh,2021-01-27T12:51:52.575500,stored_at:2021-01-27T12:54:41.221038
149820102372978,sensor_17,7.66 Kwh,2021-01-27T12:52:52.221123,stored_at:2021-01-27T12:54:41.221050
6665475079176,sensor_11,12.45 Kwh,2021-01-27T12:53:52.018063,stored_at:2021-01-27T12:54:41.221061
19626775393351,sensor_28,3.54 Kwh,2021-01-27T12:53:19.390308,stored_at:2021-01-27T12:54:41.221072
128135310801988,sensor_51,7.1 Kwh,2021-01-27T12:51:48.923617,stored_at:2021-01-27T12:54:41.221084
115970233636998,sensor_30,12.98 Kwh,2021-01-27T12:53:18.599206,stored_at:2021-01-27T12:54:41.221100
87994596414216,sensor_33,16.93 Kwh,2021-01-27T12:52:51.681019,stored_at:2021-01-27T12:54:41.221120
23943357070523,sensor_5,14.49 Kwh,2021-01-27T12:54:18.453090,stored_at:2021-01-27T12:54:41.221139
195196258371348,sensor_38,3.1 Kwh,2021-01-27T12:52:51.888149,stored_at:2021-01-27T12:54:41.221152
121573798551679,sensor_29,21.52 Kwh,2021-01-27T12:53:22.725402,stored_at:2021-01-27T12:54:41.221163
203112497822768,sensor_3,16.45 Kwh,2021-01-27T12:54:18.676825,stored_at:2021-01-27T12:54:41.221174
55438753638248,sensor_15,20.64 Kwh,2021-01-27T12:53:22.965605,stored_at:2021-01-27T12:54:41.221185
159828001143775,sensor_9,22.13 Kwh,2021-01-27T12:53:52.295529,stored_at:2021-01-27T12:54:41.221196
10631500000384,sensor_6,14.18 Kwh,2021-01-27T12:53:49.838805,stored_at:2021-01-27T12:54:41.221208
149840359818641,sensor_7,20.07 Kwh,2021-01-27T12:53:52.474472,stored_at:2021-01-27T12:54:41.221220
205630111295515,sensor_52,18.19 Kwh,2021-01-27T12:51:49.468911,stored_at:2021-01-27T12:54:41.221231
70388593239610,sensor_48,19.78 Kwh,2021-01-27T12:51:52.420031,stored_at:2021-01-27T12:54:41.221242
270840004842236,sensor_1,18.9 Kwh,2021-01-27T12:54:19.446804,stored_at:2021-01-27T12:54:41.221254
220668720304923,sensor_39,9.49 Kwh,2021-01-27T12:52:48.606719,stored_at:2021-01-27T12:54:41.221265
106031527978796,sensor_32,14.17 Kwh,2021-01-27T12:53:18.416857,stored_at:2021-01-27T12:54:41.221276
73925384567501,sensor_40,8.55 Kwh,2021-01-27T12:52:19.512122,stored_at:2021-01-27T12:54:41.221287
141511468170933,sensor_22,9.86 Kwh,2021-01-27T12:52:23.704247,stored_at:2021-01-27T12:54:41.221298
173525281373894,sensor_4,17.81 Kwh,2021-01-27T12:53:52.220907,stored_at:2021-01-27T12:54:41.221308
137640525305740,sensor_49,11.12 Kwh,2021-01-27T12:51:48.471208,stored_at:2021-01-27T12:54:41.221319
105691104103751,sensor_23,5.84 Kwh,2021-01-27T12:52:49.011530,stored_at:2021-01-27T12:54:41.221331
259711189118092,sensor_37,21.28 Kwh,2021-01-27T12:53:18.525855,stored_at:2021-01-27T12:54:41.221342
86202486311446,sensor_46,17.0 Kwh,2021-01-27T12:51:52.605365,stored_at:2021-01-27T12:54:41.221352
143031962507910,sensor_43,8.82 Kwh,2021-01-27T12:51:52.361866,stored_at:2021-01-27T12:54:41.221373
85266500548845,sensor_45,13.08 Kwh,2021-01-27T12:51:49.834542,stored_at:2021-01-27T12:54:41.221386
138200077779000,sensor_55,12.95 Kwh,2021-01-27T12:51:22.084093,stored_at:2021-01-27T12:54:41.221397
144975172855523,sensor_25,8.15 Kwh,2021-01-27T12:53:18.482976,stored_at:2021-01-27T12:54:41.221408
158327965557694,sensor_56,5.65 Kwh,2021-01-27T12:51:48.456950,stored_at:2021-01-27T12:54:41.221419
247759947686290,sensor_54,3.55 Kwh,2021-01-27T12:51:48.681732,stored_at:2021-01-27T12:54:41.221430
20533386330603,sensor_14,14.1 Kwh,2021-01-27T12:53:22.473374,stored_at:2021-01-27T12:54:41.221441
243993778991328,sensor_26,15.62 Kwh,2021-01-27T12:53:19.903154,stored_at:2021-01-27T12:54:41.221452
140178437713081,sensor_20,4.31 Kwh,2021-01-27T12:52:48.056544,stored_at:2021-01-27T12:54:41.221463
266665522331801,sensor_8,19.41 Kwh,2021-01-27T12:53:49.142825,stored_at:2021-01-27T12:54:41.221474
200146285420675,sensor_13,16.7 Kwh,2021-01-27T12:53:49.522075,stored_at:2021-01-27T12:54:41.221484
260381664905787,sensor_27,5.61 Kwh,2021-01-27T12:53:22.852804,stored_at:2021-01-27T12:54:41.221495
255946309725608,sensor_16,11.63 Kwh,2021-01-27T12:53:19.316227,stored_at:2021-01-27T12:54:41.221506
181184667209070,sensor_36,14.25 Kwh,2021-01-27T12:52:52.121952,stored_at:2021-01-27T12:54:41.221517
9256869215573,sensor_2,12.43 Kwh,2021-01-27T12:54:22.515072,stored_at:2021-01-27T12:54:41.221529
139185118902604,sensor_23,5.72 Kwh,2021-01-27T12:53:19.080141,stored_at:2021-01-27T12:55:13.220741
244654612469836,sensor_54,9.34 Kwh,2021-01-27T12:52:18.758861,stored_at:2021-01-27T12:55:13.220800
129735652514282,sensor_42,17.55 Kwh,2021-01-27T12:52:18.754718,stored_at:2021-01-27T12:55:13.220817
247701572573564,sensor_46,18.51 Kwh,2021-01-27T12:52:23.859104,stored_at:2021-01-27T12:55:13.220830
13826731946362,sensor_8,17.24 Kwh,2021-01-27T12:54:19.119191,stored_at:2021-01-27T12:55:13.220841
165400763643903,sensor_10,16.6 Kwh,2021-01-27T12:54:48.574680,stored_at:2021-01-27T12:55:13.220853
178521746288766,sensor_3,2.58 Kwh,2021-01-27T12:54:48.703648,stored_at:2021-01-27T12:55:13.220864
213151568759079,sensor_17,2.58 Kwh,2021-01-27T12:53:22.639966,stored_at:2021-01-27T12:55:13.220876
266849719557755,sensor_25,13.89 Kwh,2021-01-27T12:53:48.465679,stored_at:2021-01-27T12:55:13.220887
26323533553998,sensor_18,10.56 Kwh,2021-01-27T12:53:18.698613,stored_at:2021-01-27T12:55:13.220898
254877042660986,sensor_41,20.94 Kwh,2021-01-27T12:52:23.595595,stored_at:2021-01-27T12:55:13.220909
243803201749281,sensor_53,14.75 Kwh,2021-01-27T12:52:23.648590,stored_at:2021-01-27T12:55:13.220920
264043119887674,sensor_15,11.77 Kwh,2021-01-27T12:53:52.645728,stored_at:2021-01-27T12:55:13.220931
262878124222393,sensor_52,7.38 Kwh,2021-01-27T12:52:19.669076,stored_at:2021-01-27T12:55:13.220942
205874767270510,sensor_5,5.34 Kwh,2021-01-27T12:54:48.472680,stored_at:2021-01-27T12:55:13.220953
137199746393571,sensor_47,18.41 Kwh,2021-01-27T12:52:49.014471,stored_at:2021-01-27T12:55:13.220965
22655765358557,sensor_50,15.25 Kwh,2021-01-27T12:52:20.256952,stored_at:2021-01-27T12:55:13.220976
274777527528666,sensor_28,9.71 Kwh,2021-01-27T12:53:49.351656,stored_at:2021-01-27T12:55:13.220987
28183797408661,sensor_9,5.34 Kwh,2021-01-27T12:54:22.388324,stored_at:2021-01-27T12:55:13.220998
109878379351114,sensor_22,7.25 Kwh,2021-01-27T12:52:52.349518,stored_at:2021-01-27T12:55:13.221009
33564072377521,sensor_31,9.74 Kwh,2021-01-27T12:53:22.516761,stored_at:2021-01-27T12:55:13.221020
74762149358723,sensor_48,12.95 Kwh,2021-01-27T12:52:23.441435,stored_at:2021-01-27T12:55:13.221039
218572210911091,sensor_49,21.23 Kwh,2021-01-27T12:52:18.525933,stored_at:2021-01-27T12:55:13.221056
203417701126983,sensor_11,5.66 Kwh,2021-01-27T12:54:22.056632,stored_at:2021-01-27T12:55:13.221068
202659600259091,sensor_14,20.85 Kwh,2021-01-27T12:53:52.163421,stored_at:2021-01-27T12:55:13.221079
77181222976805,sensor_55,12.93 Kwh,2021-01-27T12:51:52.349938,stored_at:2021-01-27T12:55:13.221090
269500020958796,sensor_34,18.2 Kwh,2021-01-27T12:52:52.366408,stored_at:2021-01-27T12:55:13.221103
258616765952110,sensor_38,3.16 Kwh,2021-01-27T12:53:20.014816,stored_at:2021-01-27T12:55:13.221126
138011661545377,sensor_35,3.34 Kwh,2021-01-27T12:53:18.917841,stored_at:2021-01-27T12:55:13.221139
50534719946703,sensor_1,13.0 Kwh,2021-01-27T12:54:49.450366,stored_at:2021-01-27T12:55:13.221150
89754559509942,sensor_40,4.62 Kwh,2021-01-27T12:52:49.278629,stored_at:2021-01-27T12:55:13.221161
5101489244676,sensor_51,9.81 Kwh,2021-01-27T12:52:19.033828,stored_at:2021-01-27T12:55:13.221173
1673473170995,sensor_2,2.58 Kwh,2021-01-27T12:54:52.866568,stored_at:2021-01-27T12:55:13.221184
103199978472673,sensor_45,17.42 Kwh,2021-01-27T12:52:20.092139,stored_at:2021-01-27T12:55:13.221195
54523496801720,sensor_13,16.18 Kwh,2021-01-27T12:54:19.498269,stored_at:2021-01-27T12:55:13.221207
34764108918009,sensor_4,17.38 Kwh,2021-01-27T12:54:22.290940,stored_at:2021-01-27T12:55:13.221218
44048298585209,sensor_43,11.17 Kwh,2021-01-27T12:52:23.381329,stored_at:2021-01-27T12:55:13.221229
62686740134000,sensor_26,5.21 Kwh,2021-01-27T12:53:51.814409,stored_at:2021-01-27T12:55:13.221240
245332462532672,sensor_39,18.88 Kwh,2021-01-27T12:53:18.659479,stored_at:2021-01-27T12:55:13.221251
104041044830212,sensor_29,12.07 Kwh,2021-01-27T12:53:52.393769,stored_at:2021-01-27T12:55:13.221262
281361562885550,sensor_37,19.97 Kwh,2021-01-27T12:53:48.507760,stored_at:2021-01-27T12:55:13.221273
30619405786722,sensor_19,19.57 Kwh,2021-01-27T12:53:22.522002,stored_at:2021-01-27T12:55:13.221284
165110545363628,sensor_12,3.33 Kwh,2021-01-27T12:54:48.041521,stored_at:2021-01-27T12:55:13.221295
171124303853902,sensor_6,18.78 Kwh,2021-01-27T12:54:19.806360,stored_at:2021-01-27T12:55:13.221306
138605361655468,sensor_30,8.41 Kwh,2021-01-27T12:53:48.575117,stored_at:2021-01-27T12:55:13.221317
149637992859614,sensor_32,3.44 Kwh,2021-01-27T12:53:48.392777,stored_at:2021-01-27T12:55:13.221327
104763764380448,sensor_16,3.97 Kwh,2021-01-27T12:53:49.281742,stored_at:2021-01-27T12:55:13.221338
151441145855918,sensor_27,12.52 Kwh,2021-01-27T12:53:52.534369,stored_at:2021-01-27T12:55:13.221349
245034237787851,sensor_7,12.95 Kwh,2021-01-27T12:54:22.562732,stored_at:2021-01-27T12:55:13.221360
89386859169729,sensor_33,21.05 Kwh,2021-01-27T12:53:19.870939,stored_at:2021-01-27T12:55:13.221371
203336979748045,sensor_24,10.86 Kwh,2021-01-27T12:52:52.166915,stored_at:2021-01-27T12:55:13.221382
261976715848629,sensor_36,7.7 Kwh,2021-01-27T12:53:22.537822,stored_at:2021-01-27T12:55:13.221392
53616443514745,sensor_21,8.53 Kwh,2021-01-27T12:53:19.762284,stored_at:2021-01-27T12:55:13.221404
262231160455047,sensor_44,9.65 Kwh,2021-01-27T12:52:48.271358,stored_at:2021-01-27T12:55:13.221416
146474419781947,sensor_20,11.67 Kwh,2021-01-27T12:53:18.056889,stored_at:2021-01-27T12:55:13.221427
76710767234112,sensor_56,15.91 Kwh,2021-01-27T12:52:18.514332,stored_at:2021-01-27T12:55:13.221438
253960140684728,sensor_53,17.16 Kwh,2021-01-27T12:52:52.335462,stored_at:2021-01-27T12:55:45.220717
192314376304028,sensor_34,13.52 Kwh,2021-01-27T12:53:22.777430,stored_at:2021-01-27T12:55:45.220775
237137785535461,sensor_35,11.37 Kwh,2021-01-27T12:53:48.880233,stored_at:2021-01-27T12:55:45.220800
248337882310821,sensor_31,22.01 Kwh,2021-01-27T12:53:52.205845,stored_at:2021-01-27T12:55:45.220819
167254638627828,sensor_11,22.23 Kwh,2021-01-27T12:54:50.046896,stored_at:2021-01-27T12:55:45.220836
96449852076157,sensor_38,11.48 Kwh,2021-01-27T12:53:51.969391,stored_at:2021-01-27T12:55:45.220854
225045670430112,sensor_33,20.9 Kwh,2021-01-27T12:53:49.836560,stored_at:2021-01-27T12:55:45.220872
107309739065312,sensor_28,6.66 Kwh,2021-01-27T12:54:19.329206,stored_at:2021-01-27T12:55:45.220891
268922447236138,sensor_43,9.63 Kwh,2021-01-27T12:52:52.115701,stored_at:2021-01-27T12:55:45.220910
80981402382370,sensor_40,6.32 Kwh,2021-01-27T12:53:19.354621,stored_at:2021-01-27T12:55:45.220930
67760373241655,sensor_27,13.02 Kwh,2021-01-27T12:54:22.621314,stored_at:2021-01-27T12:55:45.220950
274565127295160,sensor_39,11.28 Kwh,2021-01-27T12:53:48.632944,stored_at:2021-01-27T12:55:45.220969
132054979750989,sensor_19,18.63 Kwh,2021-01-27T12:53:52.210842,stored_at:2021-01-27T12:55:45.221002
110809223189773,sensor_21,7.65 Kwh,2021-01-27T12:53:49.723035,stored_at:2021-01-27T12:55:45.221025
224661808728927,sensor_48,11.49 Kwh,2021-01-27T12:52:52.169878,stored_at:2021-01-27T12:55:45.221047
146098551360967,sensor_1,17.03 Kwh,2021-01-27T12:55:19.487941,stored_at:2021-01-27T12:55:45.221068
177324123059725,sensor_44,20.39 Kwh,2021-01-27T12:53:18.309548,stored_at:2021-01-27T12:55:45.221090
160946684501604,sensor_41,14.34 Kwh,2021-01-27T12:52:52.307513,stored_at:2021-01-27T12:55:45.221110
271337655875493,sensor_29,17.42 Kwh,2021-01-27T12:54:22.485178,stored_at:2021-01-27T12:55:45.221131
191871612098100,sensor_46,9.99 Kwh,2021-01-27T12:52:52.361589,stored_at:2021-01-27T12:55:45.221152
160022641732958,sensor_23,8.62 Kwh,2021-01-27T12:53:49.039890,stored_at:2021-01-27T12:55:45.221173
115156998729766,sensor_37,21.86 Kwh,2021-01-27T12:54:18.496012,stored_at:2021-01-27T12:55:45.221193
94854172271425,sensor_50,12.49 Kwh,2021-01-27T12:52:51.858231,stored_at:2021-01-27T12:55:45.221214
76187144352667,sensor_12,13.8 Kwh,2021-01-27T12:55:18.042490,stored_at:2021-01-27T12:55:45.221235
134009551225597,sensor_3,15.63 Kwh,2021-01-27T12:55:18.713088,stored_at:2021-01-27T12:55:45.221255
212845467878931,sensor_20,4.51 Kwh,2021-01-27T12:53:48.053155,stored_at:2021-01-27T12:55:45.221276
728807910252,sensor_7,5.28 Kwh,2021-01-27T12:54:52.903181,stored_at:2021-01-27T12:55:45.221296
140667407084508,sensor_25,15.34 Kwh,2021-01-27T12:54:18.455050,stored_at:2021-01-27T12:55:45.221317
135326530177354,sensor_16,8.61 Kwh,2021-01-27T12:54:19.250095,stored_at:2021-01-27T12:55:45.221337
261414839900924,sensor_45,18.8 Kwh,2021-01-27T12:52:49.769294,stored_at:2021-01-27T12:55:45.221357
103396672149762,sensor_56,18.84 Kwh,2021-01-27T12:52:48.429184,stored_at:2021-01-27T12:55:45.221378
249212269305610,sensor_32,10.71 Kwh,2021-01-27T12:54:18.394886,stored_at:2021-01-27T12:55:45.221398
206119712867778,sensor_30,14.54 Kwh,2021-01-27T12:54:18.558408,stored_at:2021-01-27T12:55:45.221419
180438263558613,sensor_24,12.72 Kwh,2021-01-27T12:53:22.584348,stored_at:2021-01-27T12:55:45.221440
227595409728281,sensor_18,10.49 Kwh,2021-01-27T12:53:48.670076,stored_at:2021-01-27T12:55:45.221461
253308562258566,sensor_49,4.32 Kwh,2021-01-27T12:52:48.441542,stored_at:2021-01-27T12:55:45.221482
253620331730601,sensor_54,4.13 Kwh,2021-01-27T12:52:48.656623,stored_at:2021-01-27T12:55:45.221502
2862837720641,sensor_42,8.19 Kwh,2021-01-27T12:52:48.652345,stored_at:2021-01-27T12:55:45.221523
213620485642330,sensor_55,4.81 Kwh,2021-01-27T12:52:23.370703,stored_at:2021-01-27T12:55:45.221543
99337405750727,sensor_4,20.65 Kwh,2021-01-27T12:54:52.645796,stored_at:2021-01-27T12:55:45.221565
104524666592246,sensor_17,21.65 Kwh,2021-01-27T12:53:52.304851,stored_at:2021-01-27T12:55:45.221585
118865350338002,sensor_47,7.54 Kwh,2021-01-27T12:53:19.083316,stored_at:2021-01-27T12:55:45.221607
120787305445337,sensor_15,11.87 Kwh,2021-01-27T12:54:22.749026,stored_at:2021-01-27T12:55:45.221627
54774563027855,sensor_6,17.74 Kwh,2021-01-27T12:54:49.850498,stored_at:2021-01-27T12:55:45.221647
72410083083134,sensor_13,12.87 Kwh,2021-01-27T12:54:49.513050,stored_at:2021-01-27T12:55:45.221668
53286333251650,sensor_52,22.49 Kwh,2021-01-27T12:52:49.411396,stored_at:2021-01-27T12:55:45.221689
116392193510121,sensor_36,19.43 Kwh,2021-01-27T12:53:52.222411,stored_at:2021-01-27T12:55:45.221710
165732823938289,sensor_8,18.68 Kwh,2021-01-27T12:54:49.124411,stored_at:2021-01-27T12:55:45.221730
131169332945248,sensor_2,14.78 Kwh,2021-01-27T12:55:22.517261,stored_at:2021-01-27T12:55:45.221750
3422645427053,sensor_5,12.16 Kwh,2021-01-27T12:55:18.461319,stored_at:2021-01-27T12:55:45.221770
140055212110213,sensor_14,19.59 Kwh,2021-01-27T12:54:22.221673,stored_at:2021-01-27T12:55:45.221791
28752820535954,sensor_22,14.21 Kwh,2021-01-27T12:53:22.758951,stored_at:2021-01-27T12:55:45.221812
130142625450971,sensor_51,12.42 Kwh,2021-01-27T12:52:48.894224,stored_at:2021-01-27T12:55:45.221832
37442971548451,sensor_10,17.58 Kwh,2021-01-27T12:55:18.566237,stored_at:2021-01-27T12:55:45.221861
171273928330434,sensor_9,4.04 Kwh,2021-01-27T12:54:52.746702,stored_at:2021-01-27T12:55:45.221883
80448305556352,sensor_26,12.49 Kwh,2021-01-27T12:54:19.838518,stored_at:2021-01-27T12:55:45.221904
261437219272659,sensor_14,18.81 Kwh,2021-01-27T12:54:52.554076,stored_at:2021-01-27T12:56:17.220501
82566818399180,sensor_28,18.68 Kwh,2021-01-27T12:54:49.337228,stored_at:2021-01-27T12:56:17.220571
213253423249042,sensor_10,18.21 Kwh,2021-01-27T12:55:48.565820,stored_at:2021-01-27T12:56:17.220864
85019768224442,sensor_47,16.33 Kwh,2021-01-27T12:53:49.044968,stored_at:2021-01-27T12:56:17.220883
62049817607024,sensor_50,3.91 Kwh,2021-01-27T12:53:19.992264,stored_at:2021-01-27T12:56:17.220896
95658385588321,sensor_23,12.48 Kwh,2021-01-27T12:54:19.016409,stored_at:2021-01-27T12:56:17.220908
163622562007065,sensor_49,15.45 Kwh,2021-01-27T12:53:18.489500,stored_at:2021-01-27T12:56:17.220920
216545333074973,sensor_34,8.87 Kwh,2021-01-27T12:53:52.454588,stored_at:2021-01-27T12:56:17.220932
975577661857,sensor_24,14.59 Kwh,2021-01-27T12:53:52.257281,stored_at:2021-01-27T12:56:17.220944
137569945515352,sensor_20,4.51 Kwh,2021-01-27T12:54:18.056100,stored_at:2021-01-27T12:56:17.220956
33741093725608,sensor_26,3.76 Kwh,2021-01-27T12:54:49.881323,stored_at:2021-01-27T12:56:17.220968
118988182264096,sensor_46,10.7 Kwh,2021-01-27T12:53:22.771555,stored_at:2021-01-27T12:56:17.220980
15381404340885,sensor_52,6.33 Kwh,2021-01-27T12:53:19.498080,stored_at:2021-01-27T12:56:17.220991
274433352509392,sensor_11,19.75 Kwh,2021-01-27T12:55:22.116270,stored_at:2021-01-27T12:56:17.221003
269962580307313,sensor_32,12.86 Kwh,2021-01-27T12:54:48.400743,stored_at:2021-01-27T12:56:17.221015
197271847487193,sensor_31,6.1 Kwh,2021-01-27T12:54:22.271925,stored_at:2021-01-27T12:56:17.221027
249396476093153,sensor_29,20.99 Kwh,2021-01-27T12:54:52.842825,stored_at:2021-01-27T12:56:17.221040
172614069024765,sensor_40,4.27 Kwh,2021-01-27T12:53:49.314950,stored_at:2021-01-27T12:56:17.221052
250683871014591,sensor_43,19.74 Kwh,2021-01-27T12:53:22.530129,stored_at:2021-01-27T12:56:17.221064
261631899018072,sensor_53,9.91 Kwh,2021-01-27T12:53:22.746409,stored_at:2021-01-27T12:56:17.221076
157103674487196,sensor_18,20.41 Kwh,2021-01-27T12:54:18.637618,stored_at:2021-01-27T12:56:17.221087
30716376599847,sensor_2,3.16 Kwh,2021-01-27T12:55:53.168704,stored_at:2021-01-27T12:56:17.221099
245304951160280,sensor_8,10.46 Kwh,2021-01-27T12:55:19.146288,stored_at:2021-01-27T12:56:17.221111
280595250377925,sensor_5,6.02 Kwh,2021-01-27T12:55:48.460851,stored_at:2021-01-27T12:56:17.221122
133963162840419,sensor_30,9.34 Kwh,2021-01-27T12:54:48.585079,stored_at:2021-01-27T12:56:17.221134
87640538367388,sensor_48,10.24 Kwh,2021-01-27T12:53:22.588722,stored_at:2021-01-27T12:56:17.221145
47259610838802,sensor_17,22.27 Kwh,2021-01-27T12:54:22.398681,stored_at:2021-01-27T12:56:17.221157
36107103980460,sensor_51,8.47 Kwh,2021-01-27T12:53:18.955429,stored_at:2021-01-27T12:56:17.221168
132558459709508,sensor_7,21.34 Kwh,2021-01-27T12:55:22.562953,stored_at:2021-01-27T12:56:17.221180
74641387246302,sensor_12,15.08 Kwh,2021-01-27T12:55:48.042597,stored_at:2021-01-27T12:56:17.221191
276801414657190,sensor_4,11.98 Kwh,2021-01-27T12:55:22.317470,stored_at:2021-01-27T12:56:17.221203
8408878879635,sensor_13,5.63 Kwh,2021-01-27T12:55:19.545039,stored_at:2021-01-27T12:56:17.221215
100743372597349,sensor_9,8.34 Kwh,2021-01-27T12:55:22.413951,stored_at:2021-01-27T12:56:17.221226
157029443221449,sensor_44,12.14 Kwh,2021-01-27T12:53:48.284223,stored_at:2021-01-27T12:56:17.221237
8090964447704,sensor_27,4.54 Kwh,2021-01-27T12:54:52.958438,stored_at:2021-01-27T12:56:17.221248
56851041961884,sensor_45,13.02 Kwh,2021-01-27T12:53:19.852761,stored_at:2021-01-27T12:56:17.221260
163684974596071,sensor_15,22.31 Kwh,2021-01-27T12:54:53.076818,stored_at:2021-01-27T12:56:17.221271
147453746747784,sensor_55,11.09 Kwh,2021-01-27T12:52:52.104961,stored_at:2021-01-27T12:56:17.221283
72295328958111,sensor_41,11.0 Kwh,2021-01-27T12:53:22.722551,stored_at:2021-01-27T12:56:17.221294
139083001081231,sensor_19,3.01 Kwh,2021-01-27T12:54:22.277537,stored_at:2021-01-27T12:56:17.221316
98305382824353,sensor_42,3.26 Kwh,2021-01-27T12:53:18.706340,stored_at:2021-01-27T12:56:17.221328
112245445611357,sensor_21,9.97 Kwh,2021-01-27T12:54:19.695455,stored_at:2021-01-27T12:56:17.221340
83009291774826,sensor_3,4.88 Kwh,2021-01-27T12:55:48.702036,stored_at:2021-01-27T12:56:17.221351
61753182487893,sensor_33,2.91 Kwh,2021-01-27T12:54:19.804760,stored_at:2021-01-27T12:56:17.221363
201586480931985,sensor_38,20.69 Kwh,2021-01-27T12:54:21.976906,stored_at:2021-01-27T12:56:17.221374
269767984151340,sensor_36,19.98 Kwh,2021-01-27T12:54:22.292698,stored_at:2021-01-27T12:56:17.221385
264667244569727,sensor_35,19.24 Kwh,2021-01-27T12:54:18.842525,stored_at:2021-01-27T12:56:17.221396
63878330790274,sensor_16,17.74 Kwh,2021-01-27T12:54:49.260450,stored_at:2021-01-27T12:56:17.221407
41408325742291,sensor_54,16.12 Kwh,2021-01-27T12:53:18.710999,stored_at:2021-01-27T12:56:17.221418
178671479859234,sensor_1,3.23 Kwh,2021-01-27T12:55:49.481130,stored_at:2021-01-27T12:56:17.221429
14231477097319,sensor_37,6.92 Kwh,2021-01-27T12:54:48.519183,stored_at:2021-01-27T12:56:17.221440
261196858672731,sensor_39,14.97 Kwh,2021-01-27T12:54:18.605919,stored_at:2021-01-27T12:56:17.221452
87628258499066,sensor_6,17.74 Kwh,2021-01-27T12:55:19.866425,stored_at:2021-01-27T12:56:17.221463
80766339030257,sensor_56,19.9 Kwh,2021-01-27T12:53:18.477825,stored_at:2021-01-27T12:56:17.221475
190623568987046,sensor_25,15.02 Kwh,2021-01-27T12:54:48.474259,stored_at:2021-01-27T12:56:17.221486
36702246580681,sensor_22,7.37 Kwh,2021-01-27T12:53:52.435042,stored_at:2021-01-27T12:56:17.221497
91866900799011,sensor_18,19.93 Kwh,2021-01-27T12:54:48.663594,stored_at:2021-01-27T12:56:53.115632
100637456817499,sensor_9,3.73 Kwh,2021-01-27T12:55:53.039100,stored_at:2021-01-27T12:56:53.115673
158541757648774,sensor_20,6.34 Kwh,2021-01-27T12:54:48.056837,stored_at:2021-01-27T12:56:53.115706
99206572721526,sensor_34,8.41 Kwh,2021-01-27T12:54:22.542039,stored_at:2021-01-27T12:56:53.115726
118837567333685,sensor_23,18.04 Kwh,2021-01-27T12:54:49.024963,stored_at:2021-01-27T12:56:53.115739
11664076045387,sensor_19,7.76 Kwh,2021-01-27T12:54:52.630604,stored_at:2021-01-27T12:56:53.115750
159826392033701,sensor_49,11.07 Kwh,2021-01-27T12:53:48.473837,stored_at:2021-01-27T12:56:53.115762
107726257925669,sensor_35,5.34 Kwh,2021-01-27T12:54:48.877318,stored_at:2021-01-27T12:56:53.115774
192748844828109,sensor_1,10.34 Kwh,2021-01-27T12:56:19.495593,stored_at:2021-01-27T12:56:53.115785
139256573348709,sensor_4,17.78 Kwh,2021-01-27T12:55:52.958751,stored_at:2021-01-27T12:56:53.115797
136102051947514,sensor_44,3.32 Kwh,2021-01-27T12:54:18.304179,stored_at:2021-01-27T12:56:53.115808
122551832656227,sensor_31,9.18 Kwh,2021-01-27T12:54:52.624885,stored_at:2021-01-27T12:56:53.115820
117341949793093,sensor_15,9.74 Kwh,2021-01-27T12:55:22.750263,stored_at:2021-01-27T12:56:53.115831
46462613609224,sensor_17,14.12 Kwh,2021-01-27T12:54:52.757425,stored_at:2021-01-27T12:56:53.115842
63367088336305,sensor_33,14.96 Kwh,2021-01-27T12:54:49.848824,stored_at:2021-01-27T12:56:53.115854
63722961607975,sensor_40,21.7 Kwh,2021-01-27T12:54:19.285954,stored_at:2021-01-27T12:56:53.115865
144709496156661,sensor_45,8.59 Kwh,2021-01-27T12:53:49.820586,stored_at:2021-01-27T12:56:53.115877
142159538359986,sensor_11,9.64 Kwh,2021-01-27T12:55:52.749710,stored_at:2021-01-27T12:56:53.115888
203265283994144,sensor_42,17.56 Kwh,2021-01-27T12:53:48.678020,stored_at:2021-01-27T12:56:53.115899
14548411264932,sensor_26,7.37 Kwh,2021-01-27T12:55:19.892029,stored_at:2021-01-27T12:56:53.115911
84891321659342,sensor_47,3.86 Kwh,2021-01-27T12:54:19.020860,stored_at:2021-01-27T12:56:53.115922
68583119745740,sensor_29,21.98 Kwh,2021-01-27T12:55:22.489980,stored_at:2021-01-27T12:56:53.115933
266820555146277,sensor_54,18.27 Kwh,2021-01-27T12:53:48.682203,stored_at:2021-01-27T12:56:53.115945
41457001387655,sensor_24,17.9 Kwh,2021-01-27T12:54:22.336867,stored_at:2021-01-27T12:56:53.115956
192161297297186,sensor_6,8.38 Kwh,2021-01-27T12:55:49.851592,stored_at:2021-01-27T12:56:53.115979
241962432936620,sensor_38,22.01 Kwh,2021-01-27T12:54:50.005751,stored_at:2021-01-27T12:56:53.115992
38716366160455,sensor_14,3.4 Kwh,2021-01-27T12:55:22.260915,stored_at:2021-01-27T12:56:53.116003
130365947267092,sensor_25,12.69 Kwh,2021-01-27T12:55:18.463257,stored_at:2021-01-27T12:56:53.116016
112916819159410,sensor_48,15.11 Kwh,2021-01-27T12:53:52.260160,stored_at:2021-01-27T12:56:53.116028
75180684292663,sensor_43,22.02 Kwh,2021-01-27T12:53:52.217890,stored_at:2021-01-27T12:56:53.116039
37733501807525,sensor_56,22.38 Kwh,2021-01-27T12:53:48.461054,stored_at:2021-01-27T12:56:53.116051
145655520564791,sensor_37,19.87 Kwh,2021-01-27T12:55:18.510323,stored_at:2021-01-27T12:56:53.116062
12424216146097,sensor_16,21.18 Kwh,2021-01-27T12:55:19.299547,stored_at:2021-01-27T12:56:53.116074
84865079856347,sensor_10,9.7 Kwh,2021-01-27T12:56:18.588167,stored_at:2021-01-27T12:56:53.116085
277837559479258,sensor_41,8.14 Kwh,2021-01-27T12:53:52.389214,stored_at:2021-01-27T12:56:53.116096
29551252676254,sensor_5,15.28 Kwh,2021-01-27T12:56:18.478971,stored_at:2021-01-27T12:56:53.116107
197463451411055,sensor_55,8.89 Kwh,2021-01-27T12:53:22.520006,stored_at:2021-01-27T12:56:53.116118
3150480899247,sensor_13,7.88 Kwh,2021-01-27T12:55:49.536112,stored_at:2021-01-27T12:56:53.116129
9755426178632,sensor_46,5.81 Kwh,2021-01-27T12:53:52.448975,stored_at:2021-01-27T12:56:53.116140
239550122307674,sensor_2,13.82 Kwh,2021-01-27T12:56:22.603920,stored_at:2021-01-27T12:56:53.116151
24902690680582,sensor_28,4.46 Kwh,2021-01-27T12:55:19.372341,stored_at:2021-01-27T12:56:53.116162
239424648886173,sensor_27,20.03 Kwh,2021-01-27T12:55:22.622921,stored_at:2021-01-27T12:56:53.116173
267779183726242,sensor_51,3.88 Kwh,2021-01-27T12:53:48.911077,stored_at:2021-01-27T12:56:53.116185
59956012466475,sensor_39,10.04 Kwh,2021-01-27T12:54:48.627716,stored_at:2021-01-27T12:56:53.116196
118110169880897,sensor_32,18.8 Kwh,2021-01-27T12:55:18.390974,stored_at:2021-01-27T12:56:53.116207
241350672017744,sensor_53,19.91 Kwh,2021-01-27T12:53:52.420016,stored_at:2021-01-27T12:56:53.116218
75400088689921,sensor_21,2.67 Kwh,2021-01-27T12:54:49.742740,stored_at:2021-01-27T12:56:53.116230
64363973089622,sensor_8,15.83 Kwh,2021-01-27T12:55:49.134551,stored_at:2021-01-27T12:56:53.116241
4478012001424,sensor_12,7.06 Kwh,2021-01-27T12:56:18.041925,stored_at:2021-01-27T12:56:53.116252
276357417192696,sensor_52,10.5 Kwh,2021-01-27T12:53:49.457944,stored_at:2021-01-27T12:56:53.116263
89129434318681,sensor_3,3.78 Kwh,2021-01-27T12:56:18.733034,stored_at:2021-01-27T12:56:53.116274
109996902910899,sensor_30,21.46 Kwh,2021-01-27T12:55:18.577542,stored_at:2021-01-27T12:56:53.116285
224324374052772,sensor_7,12.61 Kwh,2021-01-27T12:55:53.222153,stored_at:2021-01-27T12:56:53.116296
85288057658936,sensor_22,11.91 Kwh,2021-01-27T12:54:22.523483,stored_at:2021-01-27T12:56:53.116307
72557209636320,sensor_36,19.32 Kwh,2021-01-27T12:54:52.647860,stored_at:2021-01-27T12:56:53.116318
101928205384501,sensor_50,14.03 Kwh,2021-01-27T12:53:51.945612,stored_at:2021-01-27T12:56:53.116329
174813521789978,sensor_1,3.14 Kwh,2021-01-27T12:56:49.459297,stored_at:2021-01-27T12:57:24.445071
105878725354459,sensor_33,12.76 Kwh,2021-01-27T12:55:19.862944,stored_at:2021-01-27T12:57:24.445112
124263272380196,sensor_28,19.78 Kwh,2021-01-27T12:55:49.367198,stored_at:2021-01-27T12:57:24.445128
145806873845697,sensor_22,5.14 Kwh,2021-01-27T12:54:52.873869,stored_at:2021-01-27T12:57:24.445140
94389412031240,sensor_16,10.69 Kwh,2021-01-27T12:55:49.288815,stored_at:2021-01-27T12:57:24.445151
118842925913798,sensor_54,8.23 Kwh,2021-01-27T12:54:18.646670,stored_at:2021-01-27T12:57:24.445162
267452168323376,sensor_17,15.53 Kwh,2021-01-27T12:55:22.421320,stored_at:2021-01-27T12:57:24.445173
102315148184608,sensor_12,19.24 Kwh,2021-01-27T12:56:48.041902,stored_at:2021-01-27T12:57:24.445184
91555834690701,sensor_39,4.8 Kwh,2021-01-27T12:55:18.632225,stored_at:2021-01-27T12:57:24.445196
105441184391071,sensor_26,9.64 Kwh,2021-01-27T12:55:49.876199,stored_at:2021-01-27T12:57:24.445207
184060099038231,sensor_9,2.56 Kwh,2021-01-27T12:56:22.464186,stored_at:2021-01-27T12:57:24.445229
31681885981020,sensor_49,21.02 Kwh,2021-01-27T12:54:18.463036,stored_at:2021-01-27T12:57:24.445242
196690885597682,sensor_45,11.79 Kwh,2021-01-27T12:54:19.788477,stored_at:2021-01-27T12:57:24.445253
24328672021711,sensor_24,14.74 Kwh,2021-01-27T12:54:52.694267,stored_at:2021-01-27T12:57:24.445264
49553927481728,sensor_35,22.18 Kwh,2021-01-27T12:55:18.895416,stored_at:2021-01-27T12:57:24.445275
32971068459955,sensor_43,11.66 Kwh,2021-01-27T12:54:22.286491,stored_at:2021-01-27T12:57:24.445286
3533678553948,sensor_4,2.81 Kwh,2021-01-27T12:56:22.371756,stored_at:2021-01-27T12:57:24.445297
272405646070361,sensor_10,18.28 Kwh,2021-01-27T12:56:48.544790,stored_at:2021-01-27T12:57:24.445308
172975823897272,sensor_44,13.04 Kwh,2021-01-27T12:54:48.316282,stored_at:2021-01-27T12:57:24.445319
139077910805863,sensor_23,13.66 Kwh,2021-01-27T12:55:19.047821,stored_at:2021-01-27T12:57:24.445331
166762703295259,sensor_13,4.74 Kwh,2021-01-27T12:56:19.542705,stored_at:2021-01-27T12:57:24.445342
124708573738926,sensor_31,20.83 Kwh,2021-01-27T12:55:22.297876,stored_at:2021-01-27T12:57:24.445353
249791366632943,sensor_47,20.33 Kwh,2021-01-27T12:54:49.028800,stored_at:2021-01-27T12:57:24.445364
165468024874859,sensor_8,18.05 Kwh,2021-01-27T12:56:19.172941,stored_at:2021-01-27T12:57:24.445375
92674023244896,sensor_3,7.54 Kwh,2021-01-27T12:56:48.689865,stored_at:2021-01-27T12:57:24.445385
85339841979313,sensor_14,18.65 Kwh,2021-01-27T12:55:52.909303,stored_at:2021-01-27T12:57:24.445396
108366853415887,sensor_56,10.98 Kwh,2021-01-27T12:54:18.451708,stored_at:2021-01-27T12:57:24.445407
129517727682667,sensor_51,12.42 Kwh,2021-01-27T12:54:18.872754,stored_at:2021-01-27T12:57:24.445418
141303171423249,sensor_18,18.86 Kwh,2021-01-27T12:55:18.668591,stored_at:2021-01-27T12:57:24.445429
201734846461001,sensor_36,7.58 Kwh,2021-01-27T12:55:22.319558,stored_at:2021-01-27T12:57:24.445440
141097148460057,sensor_29,13.9 Kwh,2021-01-27T12:55:53.140248,stored_at:2021-01-27T12:57:24.445451
85697030768114,sensor_37,16.52 Kwh,2021-01-27T12:55:48.508098,stored_at:2021-01-27T12:57:24.445462
137221598349946,sensor_20,21.87 Kwh,2021-01-27T12:55:18.059959,stored_at:2021-01-27T12:57:24.445473
3374577189261,sensor_21,15.89 Kwh,2021-01-27T12:55:19.749539,stored_at:2021-01-27T12:57:24.445484
58231269078894,sensor_27,9.58 Kwh,2021-01-27T12:55:53.282788,stored_at:2021-01-27T12:57:24.445495
163161049209758,sensor_55,4.47 Kwh,2021-01-27T12:53:52.209346,stored_at:2021-01-27T12:57:24.445506
183628085725442,sensor_52,14.08 Kwh,2021-01-27T12:54:19.441145,stored_at:2021-01-27T12:57:24.445517
20113805371348,sensor_5,12.43 Kwh,2021-01-27T12:56:48.439723,stored_at:2021-01-27T12:57:24.445528
11619187915759,sensor_46,4.85 Kwh,2021-01-27T12:54:22.537212,stored_at:2021-01-27T12:57:24.445539
101160399981047,sensor_41,8.72 Kwh,2021-01-27T12:54:22.480590,stored_at:2021-01-27T12:57:24.445550
23888455377130,sensor_25,5.06 Kwh,2021-01-27T12:55:48.463043,stored_at:2021-01-27T12:57:24.445561
248688291809545,sensor_11,9.17 Kwh,2021-01-27T12:56:22.133794,stored_at:2021-01-27T12:57:24.445571
280282832667650,sensor_53,15.78 Kwh,2021-01-27T12:54:22.509641,stored_at:2021-01-27T12:57:24.445584
223395518705714,sensor_15,4.58 Kwh,2021-01-27T12:55:53.402001,stored_at:2021-01-27T12:57:24.445595
1371814774888,sensor_7,19.27 Kwh,2021-01-27T12:56:22.655862,stored_at:2021-01-27T12:57:24.445606
153990229189815,sensor_48,20.84 Kwh,2021-01-27T12:54:22.341007,stored_at:2021-01-27T12:57:24.445617
11882299976688,sensor_6,5.85 Kwh,2021-01-27T12:56:19.857109,stored_at:2021-01-27T12:57:24.445628
23839354029935,sensor_50,21.71 Kwh,2021-01-27T12:54:19.938160,stored_at:2021-01-27T12:57:24.445639
45724756547435,sensor_32,21.51 Kwh,2021-01-27T12:55:48.397513,stored_at:2021-01-27T12:57:24.445650
260253155954237,sensor_2,6.0 Kwh,2021-01-27T12:56:52.702315,stored_at:2021-01-27T12:57:24.445661
17142278926083,sensor_42,7.36 Kwh,2021-01-27T12:54:18.642907,stored_at:2021-01-27T12:57:24.445672
90928584757217,sensor_40,10.17 Kwh,2021-01-27T12:54:49.302030,stored_at:2021-01-27T12:57:24.445687
80619913073965,sensor_34,3.85 Kwh,2021-01-27T12:54:52.888846,stored_at:2021-01-27T12:57:24.445700
17043464528594,sensor_38,5.52 Kwh,2021-01-27T12:55:22.051068,stored_at:2021-01-27T12:57:24.445711
115004695638742,sensor_30,21.72 Kwh,2021-01-27T12:55:48.577022,stored_at:2021-01-27T12:57:24.445722
188250063097714,sensor_19,13.24 Kwh,2021-01-27T12:55:22.303891,stored_at:2021-01-27T12:57:24.445733
98344492449423,sensor_10,6.41 Kwh,2021-01-27T12:57:18.603912,stored_at:2021-01-27T12:57:54.722793
163171487207860,sensor_43,4.25 Kwh,2021-01-27T12:54:52.640925,stored_at:2021-01-27T12:57:54.722853
57008709614155,sensor_15,17.05 Kwh,2021-01-27T12:56:22.841543,stored_at:2021-01-27T12:57:54.722871
176113375673712,sensor_2,4.68 Kwh,2021-01-27T12:57:23.832859,stored_at:2021-01-27T12:57:54.722883
27695157179379,sensor_34,14.17 Kwh,2021-01-27T12:55:22.542722,stored_at:2021-01-27T12:57:54.722895
47581832433793,sensor_31,18.0 Kwh,2021-01-27T12:55:52.943977,stored_at:2021-01-27T12:57:54.722907
166856242590529,sensor_26,9.45 Kwh,2021-01-27T12:56:19.887992,stored_at:2021-01-27T12:57:54.722919
177405058847188,sensor_47,20.73 Kwh,2021-01-27T12:55:19.050924,stored_at:2021-01-27T12:57:54.722930
205565599322441,sensor_35,2.96 Kwh,2021-01-27T12:55:48.883546,stored_at:2021-01-27T12:57:54.722941
86105641620516,sensor_37,3.18 Kwh,2021-01-27T12:56:18.527427,stored_at:2021-01-27T12:57:54.722952
64296437389550,sensor_5,16.95 Kwh,2021-01-27T12:57:18.492416,stored_at:2021-01-27T12:57:54.722964
43306389651526,sensor_12,11.19 Kwh,2021-01-27T12:57:18.041522,stored_at:2021-01-27T12:57:54.722975
156141691075524,sensor_56,6.01 Kwh,2021-01-27T12:54:48.471073,stored_at:2021-01-27T12:57:54.722987
130941924817572,sensor_52,20.49 Kwh,2021-01-27T12:54:49.445032,stored_at:2021-01-27T12:57:54.722998
157855057261968,sensor_16,19.41 Kwh,2021-01-27T12:56:19.324289,stored_at:2021-01-27T12:57:54.723009
146119634644340,sensor_50,14.89 Kwh,2021-01-27T12:54:49.978876,stored_at:2021-01-27T12:57:54.723021
225366246385638,sensor_29,17.89 Kwh,2021-01-27T12:56:22.575094,stored_at:2021-01-27T12:57:54.723032
156369356556464,sensor_32,3.95 Kwh,2021-01-27T12:56:18.411532,stored_at:2021-01-27T12:57:54.723043
171218131981164,sensor_45,11.62 Kwh,2021-01-27T12:54:49.835311,stored_at:2021-01-27T12:57:54.723054
175730592512143,sensor_14,21.11 Kwh,2021-01-27T12:56:22.311332,stored_at:2021-01-27T12:57:54.723067
104409758278899,sensor_46,3.06 Kwh,2021-01-27T12:54:52.884841,stored_at:2021-01-27T12:57:54.723078
98695902425696,sensor_55,3.7 Kwh,2021-01-27T12:54:22.275613,stored_at:2021-01-27T12:57:54.723090
117934253975500,sensor_44,19.05 Kwh,2021-01-27T12:55:18.287569,stored_at:2021-01-27T12:57:54.723102
242354123192621,sensor_8,3.25 Kwh,2021-01-27T12:56:49.125727,stored_at:2021-01-27T12:57:54.723114
3396599584644,sensor_24,10.83 Kwh,2021-01-27T12:55:22.366500,stored_at:2021-01-27T12:57:54.723125
94098025615378,sensor_18,4.24 Kwh,2021-01-27T12:55:48.664804,stored_at:2021-01-27T12:57:54.723136
117190261099267,sensor_54,17.25 Kwh,2021-01-27T12:54:48.673133,stored_at:2021-01-27T12:57:54.723148
18787965844064,sensor_42,6.44 Kwh,2021-01-27T12:54:48.669155,stored_at:2021-01-27T12:57:54.723159
245225634158645,sensor_48,18.12 Kwh,2021-01-27T12:54:52.699159,stored_at:2021-01-27T12:57:54.723171
89810603129441,sensor_28,8.92 Kwh,2021-01-27T12:56:19.389369,stored_at:2021-01-27T12:57:54.723182
277346904196947,sensor_7,5.64 Kwh,2021-01-27T12:56:52.750354,stored_at:2021-01-27T12:57:54.723193
226418374816199,sensor_25,17.37 Kwh,2021-01-27T12:56:18.481384,stored_at:2021-01-27T12:57:54.723204
257236872734945,sensor_3,3.05 Kwh,2021-01-27T12:57:18.744038,stored_at:2021-01-27T12:57:54.723215
250257446163559,sensor_40,4.8 Kwh,2021-01-27T12:55:19.338583,stored_at:2021-01-27T12:57:54.723226
215872553309088,sensor_27,11.68 Kwh,2021-01-27T12:56:22.720457,stored_at:2021-01-27T12:57:54.723237
89309534289066,sensor_6,16.09 Kwh,2021-01-27T12:56:49.861091,stored_at:2021-01-27T12:57:54.723249
266012170211526,sensor_33,19.21 Kwh,2021-01-27T12:55:49.849429,stored_at:2021-01-27T12:57:54.723271
43752745378320,sensor_41,16.46 Kwh,2021-01-27T12:54:52.839641,stored_at:2021-01-27T12:57:54.723283
84493292229086,sensor_23,13.76 Kwh,2021-01-27T12:55:49.041986,stored_at:2021-01-27T12:57:54.723294
281396376021925,sensor_22,17.42 Kwh,2021-01-27T12:55:22.524542,stored_at:2021-01-27T12:57:54.723305
214095698758677,sensor_49,17.03 Kwh,2021-01-27T12:54:48.481773,stored_at:2021-01-27T12:57:54.723316
29497006208396,sensor_30,15.78 Kwh,2021-01-27T12:56:18.600147,stored_at:2021-01-27T12:57:54.723327
47483401490013,sensor_53,3.38 Kwh,2021-01-27T12:54:52.862015,stored_at:2021-01-27T12:57:54.723338
240539753721844,sensor_9,14.34 Kwh,2021-01-27T12:56:52.575365,stored_at:2021-01-27T12:57:54.723348
185622265361551,sensor_39,11.02 Kwh,2021-01-27T12:55:48.631306,stored_at:2021-01-27T12:57:54.723359
10844882901248,sensor_17,3.33 Kwh,2021-01-27T12:55:53.049919,stored_at:2021-01-27T12:57:54.723370
226062173217258,sensor_51,18.45 Kwh,2021-01-27T12:54:48.908168,stored_at:2021-01-27T12:57:54.723381
141064227801068,sensor_11,15.24 Kwh,2021-01-27T12:56:52.269956,stored_at:2021-01-27T12:57:54.723392
119674155119558,sensor_20,22.45 Kwh,2021-01-27T12:55:48.060131,stored_at:2021-01-27T12:57:54.723403
279883362888418,sensor_19,12.95 Kwh,2021-01-27T12:55:52.948915,stored_at:2021-01-27T12:57:54.723414
190875674484907,sensor_13,13.49 Kwh,2021-01-27T12:56:49.520179,stored_at:2021-01-27T12:57:54.723424
17207376433618,sensor_21,8.0 Kwh,2021-01-27T12:55:49.728305,stored_at:2021-01-27T12:57:54.723436
227735052306648,sensor_1,6.48 Kwh,2021-01-27T12:57:19.555416,stored_at:2021-01-27T12:57:54.723447
115167649470548,sensor_4,8.7 Kwh,2021-01-27T12:56:52.486573,stored_at:2021-01-27T12:57:54.723459
90767759647161,sensor_38,20.72 Kwh,2021-01-27T12:55:52.691516,stored_at:2021-01-27T12:57:54.723470
118880075343812,sensor_36,16.29 Kwh,2021-01-27T12:55:52.960989,stored_at:2021-01-27T12:57:54.723482
251538974033076,sensor_40,19.47 Kwh,2021-01-27T12:55:49.330812,stored_at:2021-01-27T12:58:26.008107
147849137763138,sensor_51,16.52 Kwh,2021-01-27T12:55:18.928478,stored_at:2021-01-27T12:58:26.008173
7287220170289,sensor_30,16.89 Kwh,2021-01-27T12:56:48.557594,stored_at:2021-01-27T12:58:26.008191
273886418643201,sensor_25,15.01 Kwh,2021-01-27T12:56:48.441509,stored_at:2021-01-27T12:58:26.008205
280813528891317,sensor_8,20.38 Kwh,2021-01-27T12:57:19.220403,stored_at:2021-01-27T12:58:26.008218
54976571709630,sensor_18,11.75 Kwh,2021-01-27T12:56:18.689960,stored_at:2021-01-27T12:58:26.008230
80351824837885,sensor_23,9.38 Kwh,2021-01-27T12:56:19.082947,stored_at:2021-01-27T12:58:26.008241
60014859541420,sensor_36,12.26 Kwh,2021-01-27T12:56:22.373746,stored_at:2021-01-27T12:58:26.008253
229874975145874,sensor_39,14.1 Kwh,2021-01-27T12:56:18.653916,stored_at:2021-01-27T12:58:26.008265
260509476283769,sensor_54,3.2 Kwh,2021-01-27T12:55:18.678882,stored_at:2021-01-27T12:58:26.008277
274552533407753,sensor_49,3.3 Kwh,2021-01-27T12:55:18.471935,stored_at:2021-01-27T12:58:26.008288
90216812402026,sensor_10,5.55 Kwh,2021-01-27T12:57:48.595821,stored_at:2021-01-27T12:58:26.008299
19055015453828,sensor_47,14.05 Kwh,2021-01-27T12:55:49.045949,stored_at:2021-01-27T12:58:26.008311
61475860716220,sensor_26,9.72 Kwh,2021-01-27T12:56:49.892975,stored_at:2021-01-27T12:58:26.008322
208049584887636,sensor_45,17.55 Kwh,2021-01-27T12:55:19.844462,stored_at:2021-01-27T12:58:26.008333
219250018644998,sensor_7,16.93 Kwh,2021-01-27T12:57:23.892770,stored_at:2021-01-27T12:58:26.008345
139573453271874,sensor_29,4.46 Kwh,2021-01-27T12:56:52.673311,stored_at:2021-01-27T12:58:26.008357
19975914177580,sensor_5,5.75 Kwh,2021-01-27T12:57:48.480571,stored_at:2021-01-27T12:58:26.008368
75908638934009,sensor_32,7.94 Kwh,2021-01-27T12:56:48.378948,stored_at:2021-01-27T12:58:26.008380
161491013834864,sensor_3,11.64 Kwh,2021-01-27T12:57:48.751614,stored_at:2021-01-27T12:58:26.008399
143354813064910,sensor_38,13.09 Kwh,2021-01-27T12:56:22.044291,stored_at:2021-01-27T12:58:26.008419
263906397877168,sensor_44,8.03 Kwh,2021-01-27T12:55:48.289290,stored_at:2021-01-27T12:58:26.008440
72837456859071,sensor_21,5.59 Kwh,2021-01-27T12:56:19.741656,stored_at:2021-01-27T12:58:26.008464
75320133040285,sensor_15,7.16 Kwh,2021-01-27T12:56:52.914810,stored_at:2021-01-27T12:58:26.008477
50372820135519,sensor_19,14.19 Kwh,2021-01-27T12:56:22.357366,stored_at:2021-01-27T12:58:26.008488
271155651616962,sensor_16,6.83 Kwh,2021-01-27T12:56:49.268864,stored_at:2021-01-27T12:58:26.008500
247898928472584,sensor_43,4.48 Kwh,2021-01-27T12:55:22.313256,stored_at:2021-01-27T12:58:26.008512
219303325884275,sensor_56,19.43 Kwh,2021-01-27T12:55:18.459428,stored_at:2021-01-27T12:58:26.008524
30761037689205,sensor_33,13.87 Kwh,2021-01-27T12:56:19.855385,stored_at:2021-01-27T12:58:26.008535
264090024495018,sensor_9,6.18 Kwh,2021-01-27T12:57:23.680222,stored_at:2021-01-27T12:58:26.008547
18318270907441,sensor_46,19.7 Kwh,2021-01-27T12:55:22.536858,stored_at:2021-01-27T12:58:26.008558
238663155605373,sensor_50,4.73 Kwh,2021-01-27T12:55:21.980796,stored_at:2021-01-27T12:58:26.008570
230042806020975,sensor_48,7.06 Kwh,2021-01-27T12:55:22.370741,stored_at:2021-01-27T12:58:26.008581
246598321991153,sensor_52,9.46 Kwh,2021-01-27T12:55:19.482276,stored_at:2021-01-27T12:58:26.008592
210024661195943,sensor_24,19.66 Kwh,2021-01-27T12:55:52.996219,stored_at:2021-01-27T12:58:26.008603
115401485754272,sensor_31,12.61 Kwh,2021-01-27T12:56:22.350966,stored_at:2021-01-27T12:58:26.008614
250849974253460,sensor_12,3.76 Kwh,2021-01-27T12:57:48.041712,stored_at:2021-01-27T12:58:26.008625
42467494641400,sensor_28,12.08 Kwh,2021-01-27T12:56:49.340865,stored_at:2021-01-27T12:58:26.008636
70521148942831,sensor_22,12.35 Kwh,2021-01-27T12:55:53.178987,stored_at:2021-01-27T12:58:26.008647
251798785763786,sensor_55,3.35 Kwh,2021-01-27T12:54:52.628780,stored_at:2021-01-27T12:58:26.008658
99980886811733,sensor_41,21.96 Kwh,2021-01-27T12:55:22.486299,stored_at:2021-01-27T12:58:26.008669
179760787717434,sensor_13,12.76 Kwh,2021-01-27T12:57:19.614254,stored_at:2021-01-27T12:58:26.008680
157372185086430,sensor_11,15.17 Kwh,2021-01-27T12:57:23.264766,stored_at:2021-01-27T12:58:26.008690
90262906185278,sensor_6,13.87 Kwh,2021-01-27T12:57:19.944991,stored_at:2021-01-27T12:58:26.008701
184399045660532,sensor_34,2.96 Kwh,2021-01-27T12:55:53.199463,stored_at:2021-01-27T12:58:26.008712
134827229041446,sensor_42,7.55 Kwh,2021-01-27T12:55:18.674266,stored_at:2021-01-27T12:58:26.008723
216309888911680,sensor_17,21.31 Kwh,2021-01-27T12:56:22.476912,stored_at:2021-01-27T12:58:26.008734
9845301727714,sensor_2,16.54 Kwh,2021-01-27T12:57:53.066183,stored_at:2021-01-27T12:58:26.008745
151522530474220,sensor_14,11.84 Kwh,2021-01-27T12:56:52.426926,stored_at:2021-01-27T12:58:26.008756
252564114310736,sensor_37,10.32 Kwh,2021-01-27T12:56:48.480436,stored_at:2021-01-27T12:58:26.008767
61503539286654,sensor_35,20.36 Kwh,2021-01-27T12:56:18.912916,stored_at:2021-01-27T12:58:26.008778
187104771545555,sensor_27,4.28 Kwh,2021-01-27T12:56:52.802767,stored_at:2021-01-27T12:58:26.008788
224962441571780,sensor_53,7.59 Kwh,2021-01-27T12:55:22.512467,stored_at:2021-01-27T12:58:26.008799
228065937915835,sensor_4,20.87 Kwh,2021-01-27T12:57:23.577500,stored_at:2021-01-27T12:58:26.008810
246357908534342,sensor_20,5.68 Kwh,2021-01-27T12:56:18.054600,stored_at:2021-01-27T12:58:26.008822
4965487632256,sensor_1,12.31 Kwh,2021-01-27T12:57:49.574311,stored_at:2021-01-27T12:58:26.008833
