[  
    {
        "name": "server2 <----------> router2",
        "bandwidth": 256,
        "packet_loss_rate": 0.10,
        "network_interface_1": "192.168.1.2",
        "network_interface_2": "192.168.1.1",
        "delay_upper_bound": 200,
        "delay_lower_bound": 60,
        "delay_mean": 70,
        "delay_standard_deviation": 10
    },
    {
        "name": "smarttv <----------> router2",
        "bandwidth": 256,
        "packet_loss_rate": 0.10,
        "network_interface_1": "192.168.1.3",
        "network_interface_2": "192.168.1.1",
        "delay_upper_bound": 200,
        "delay_lower_bound": 60,
        "delay_mean": 70,
        "delay_standard_deviation": 10
    },
    {
        "name": "smarthub <----------> router2",
        "bandwidth": 256,
        "packet_loss_rate": 0.10,
        "network_interface_1": "192.168.1.4",
        "network_interface_2": "192.168.1.1",
        "delay_upper_bound": 200,
        "delay_lower_bound": 60,
        "delay_mean": 70,
        "delay_standard_deviation": 10
    }
]
