{ 
  "networks": [
    {
      "machines": [
        {
          "name": "Router 2",
          "MIPS": 1024,
          "icon": "router_icon",
          "type": "router",
          "is_wireless": false,
          "power_watts": 12,
          "coverage_area_radius": 0,
          "application": "apps.router.RouterApp",
          "network_interfaces": [
            {
              "name": "eth0",
              "is_wireless": false,
              "ip": "192.168.1.1"
            },
            {
              "name": "eth1",
              "is_wireless": false,
              "ip": "10.10.0.2"
            }
          ],
          "x": 785,
          "y": 440
        }
      ]
    }
  ]
}
