2021-02-28T23:56:32.796663,b'[123, -9 ... , -7954, '
2021-02-28T23:56:32.799433,b'-1037, 4 ... , 1515, 2'
2021-02-28T23:56:32.800120,b'376, -56 ... 07, -4265'
2021-02-28T23:56:32.800726,b', -13966 ... 77, 9204,'
2021-02-28T23:56:32.801326,b' -25654, ... 4851, -24'
2021-02-28T23:56:32.801881,b'908, -42 ... 21, 32]\n'
2021-03-01T00:11:34.434776,b'[123, -9 ... 77, -8, 9'
2021-03-01T00:11:34.436407,b'952, -22 ... 8, 7243, '
2021-03-01T00:11:34.449531,b'-12483,  ... 105, -243'
2021-03-01T00:11:34.451090,b'54, -290 ... 799, 250,'
2021-03-01T00:11:34.452048,b' -9225,  ... 2266, 736'
2021-03-01T00:11:34.453308,b'4, -3607 ... 00, 32]\n'
2021-03-01T00:26:32.438683,b'[123, -9 ...  1223, -2'
2021-03-01T00:26:32.439622,b'569, 262 ...  -6228, 3'
2021-03-01T00:26:32.441599,b'875, 116 ... 5, 3177, '
2021-03-01T00:26:32.446265,b'-11147,  ... 7, 3491, '
2021-03-01T00:26:32.447191,b'2083, -2 ...  -6005, 6'
2021-03-01T00:26:32.447683,b'377, 363 ... 93, 32]\n'
2021-03-01T00:41:32.022001,b'[123, -9 ... 36, 151, '
2021-03-01T00:41:32.029529,b'-2918, - ... 6407, 891'
2021-03-01T00:41:32.030250,b'2, -1296 ... 9, 10388,'
2021-03-01T00:41:32.030784,b' -5166,  ... , -31655,'
2021-03-01T00:41:32.031307,b' 26807,  ... 37, 36118'
2021-03-01T00:41:32.031782,b', -38277 ... 36, 32]\n'
