[
    {
        "name": "Refrigerator",
        "MIPS": 1024,
        "icon": "refrigerator_icon",
        "type": "appliance",
        "is_wireless": false,
        "power_watts": 57,
        "coverage_area_radius": 0,
        "application": "apps.refrigerator.RefrigeratorApp",
        "network_interfaces": [],
        "x": 364,
        "y": 120
    },    
    {
        "name": "Smart TV",
        "MIPS": 1024,
        "icon": "smart_tv_icon",
        "type": "appliance",
        "is_wireless": false,
        "power_watts": 55,
        "coverage_area_radius": 0,
        "application": "apps.stream.StreamClientApp",
        "network_interfaces": [
            {
                "name": "eth0",
                "is_wireless": false,
                "ip": "192.168.1.3"
            }
        ],
        "x": 1084,
        "y": 120
    },   
    {
        "name": "IP Camera",
        "MIPS": 1024,
        "icon": "camera_icon",
        "type": "appliance",
        "is_wireless": false,
        "power_watts": 55,
        "coverage_area_radius": 0,
        "application": "apps.cctv.CameraApp",
        "network_interfaces": [
            {
                "name": "eth0",
                "is_wireless": false,
                "ip": "172.148.0.3"
            }
        ],
        "x": 1084,
        "y": 620
    }
]