[
    {
        "name": "router1 <----------> router2",
        "bandwidth": 256,
        "packet_loss_rate": 0.10,
        "network_interface_1": "10.10.0.1",
        "network_interface_2": "10.10.0.2",
        "delay_upper_bound": 200,
        "delay_lower_bound": 60,
        "delay_mean": 70,
        "delay_standard_deviation": 10
    },    
    {
        "name": "ap1 <----------> router1",
        "bandwidth": 256,
        "packet_loss_rate": 0.10,
        "network_interface_1": "201.168.0.1",
        "network_interface_2": "10.10.0.1",
        "delay_upper_bound": 200,
        "delay_lower_bound": 60,
        "delay_mean": 70,
        "delay_standard_deviation": 10
    },
    {
        "name": "server1 <----------> router1",
        "bandwidth": 256,
        "packet_loss_rate": 0.10,
        "network_interface_1": "192.168.0.2",
        "network_interface_2": "192.168.0.1",
        "delay_upper_bound": 200,
        "delay_lower_bound": 60,
        "delay_mean": 70,
        "delay_standard_deviation": 10
    },
    {
        "name": "cliente1 <----------> ap1",
        "bandwidth": 256,
        "packet_loss_rate": 0.10,
        "network_interface_1": "192.168.0.4",
        "network_interface_2": "192.168.0.3",
        "delay_upper_bound": 200,
        "delay_lower_bound": 60,
        "delay_mean": 70,
        "delay_standard_deviation": 10
    },
    {
        "name": "router2 <----------> router3",
        "bandwidth": 256,
        "packet_loss_rate": 0.10,
        "network_interface_1": "10.10.0.2",
        "network_interface_2": "10.10.0.3",
        "delay_upper_bound": 200,
        "delay_lower_bound": 60,
        "delay_mean": 70,
        "delay_standard_deviation": 10
    },
    {
        "name": "server2 <----------> router2",
        "bandwidth": 256,
        "packet_loss_rate": 0.10,
        "network_interface_1": "192.168.1.2",
        "network_interface_2": "192.168.1.1",
        "delay_upper_bound": 200,
        "delay_lower_bound": 60,
        "delay_mean": 70,
        "delay_standard_deviation": 10
    },
    {
        "name": "server3 <----------> router3",
        "bandwidth": 256,
        "packet_loss_rate": 0.10,
        "network_interface_1": "172.148.0.2",
        "network_interface_2": "172.148.0.1",
        "delay_upper_bound": 200,
        "delay_lower_bound": 60,
        "delay_mean": 70,
        "delay_standard_deviation": 10
    },
    {
        "name": "smarttv <----------> router2",
        "bandwidth": 256,
        "packet_loss_rate": 0.10,
        "network_interface_1": "192.168.1.3",
        "network_interface_2": "192.168.1.1",
        "delay_upper_bound": 200,
        "delay_lower_bound": 60,
        "delay_mean": 70,
        "delay_standard_deviation": 10
    },
    {
        "name": "camera1 <----------> router3",
        "bandwidth": 256,
        "packet_loss_rate": 0.10,
        "network_interface_1": "172.148.0.3",
        "network_interface_2": "172.148.0.1",
        "delay_upper_bound": 200,
        "delay_lower_bound": 60,
        "delay_mean": 70,
        "delay_standard_deviation": 10
    },
    {
        "name": "smartphone1 <----------> ap1",
        "bandwidth": 256,
        "packet_loss_rate": 0.10,
        "network_interface_1": "192.168.0.5",
        "network_interface_2": "192.168.0.3",
        "delay_upper_bound": 200,
        "delay_lower_bound": 60,
        "delay_mean": 70,
        "delay_standard_deviation": 10
    }
]
