{ 
  "networks": [
    {
      "machines": [
        {
          "name": "Router 1",
          "MIPS": 1024,
          "icon": "router_icon",
          "type": "router",
          "is_wireless": false,
          "power_watts": 12,
          "coverage_area_radius": 0,
          "application": "apps.router.RouterApp",
          "network_interfaces": [
            {
              "name": "eth0",
              "is_wireless": false,
              "ip": "192.168.0.1"
            },
            {
              "name": "eth1",
              "is_wireless": false,
              "ip": "10.10.0.1"
            }
          ],
          "x": 340,
          "y": 420
        },
        {
          "name": "Access Point 1",
          "MIPS": 1024,
          "icon": "ap_icon",
          "type": "access_point",
          "is_wireless": true,
          "power_watts": 10.5,
          "coverage_area_radius": 200,
          "application": "apps.access_point.AccessPointApp",
          "network_interfaces": [
            {
              "name": "eth0",
              "is_wireless": true,
              "ip": "192.168.0.3"
            },
            {
              "name": "eth1",
              "is_wireless": false,
              "ip": "201.168.0.1"
            }
          ],
          "x": 333,
          "y": 195
        },
        {
          "name": "HTTP server",
          "MIPS": 1024,
          "icon": "broker_icon",
          "type": "server",
          "is_wireless": false,
          "power_watts": 375,
          "coverage_area_radius": 0,
          "application": "apps.http.SimpleWebServerApp",
          "network_interfaces": [
            {
              "name": "eth0",
              "is_wireless": false,
              "ip": "192.168.0.2"
            }
          ],
          "x": 170,
          "y": 850
        },
        {
          "name": "Notebook 1 - HTTP Client",
          "MIPS": 1024,
          "icon": "notebook_icon",
          "type": "client",
          "is_wireless": true,
          "power_watts": 65,
          "coverage_area_radius": 200,
          "application": "apps.http.ContinuosRequetWebClientApp",
          "network_interfaces": [
            {
              "name": "eth0",
              "is_wireless": true,
              "ip": "192.168.0.4"
            }
          ],
          "x": 688,
          "y": 153
        },
        {
          "name": "SmartPhone",
          "MIPS": 1024,
          "icon": "smartphone_icon",
          "type": "client",
          "is_wireless": true,
          "power_watts": 65,
          "coverage_area_radius": 200,
          "application": "apps.cctv.CCTVClientApp",
          "network_interfaces": [
            {
              "name": "eth0",
              "is_wireless": true,
              "ip": "192.168.0.5"
            }
          ],
          "x": 688,
          "y": 353
        }
      ]
    },
    {
      "machines": [
        {
          "name": "Router 2",
          "MIPS": 1024,
          "icon": "router_icon",
          "type": "router",
          "is_wireless": false,
          "power_watts": 12,
          "coverage_area_radius": 0,
          "application": "apps.router.RouterApp",
          "network_interfaces": [
            {
              "name": "eth0",
              "is_wireless": false,
              "ip": "192.168.1.1"
            },
            {
              "name": "eth1",
              "is_wireless": false,
              "ip": "10.10.0.2"
            }
          ],
          "x": 785,
          "y": 440
        },
        {
          "name": "Stream Server",
          "MIPS": 1024,
          "icon": "broker_icon",
          "type": "server",
          "is_wireless": false,
          "power_watts": 375,
          "coverage_area_radius": 0,
          "application": "apps.stream.StreamServerApp",
          "network_interfaces": [
            {
              "name": "eth0",
              "is_wireless": false,
              "ip": "192.168.1.2"
            }
          ],
          "x": 1010,
          "y": 454
        }
      ]
    },
    {
      "machines": [
        {
          "name": "Router 3",
          "MIPS": 1024,
          "icon": "router_icon",
          "type": "router",
          "is_wireless": false,
          "power_watts": 12,
          "coverage_area_radius": 0,
          "application": "apps.router.RouterApp",
          "network_interfaces": [
            {
              "name": "eth0",
              "is_wireless": false,
              "ip": "172.148.0.1"
            },
            {
              "name": "eth1",
              "is_wireless": false,
              "ip": "10.10.0.3"
            }
          ],
          "x": 785,
          "y": 615
        },
        {
          "name": "CCTV Server",
          "MIPS": 1024,
          "icon": "broker_icon",
          "type": "server",
          "is_wireless": false,
          "power_watts": 375,
          "coverage_area_radius": 0,
          "application": "apps.cctv.CCTVServerApp",
          "network_interfaces": [
            {
              "name": "eth0",
              "is_wireless": false,
              "ip": "172.148.0.2"
            }
          ],
          "x": 785,
          "y": 794
        }
      ]
    }
  ]
}