{

        "servers": [
            {
                "name": "Fog Broker Node",
                "real_ip": "127.0.0.1",
                "icon": "broker_icon",
                "type": "server",
                "port": 5100,
                "is_wireless": false,
                "coverage_area_radius": 0,
                "application": "applications.researchapp.FogDataReducitonBrokerApp",
                "x": 241,
                "y": 221
            }
        ],
        "clients":[
            {
                "name": "SCADA System",
                "real_ip": "127.0.0.1",
                "icon": "cloud_icon",
                "type": "client",
                "is_wireless": false,
                "coverage_area_radius": 0,
                "application": "applications.researchapp.SCADAResearchApp",
                "x": 532,
                "y": 64
            }
        ],
        "wireless_computers": [],
        "routers": [
            {
                "name": "Router 001",
                "real_ip": "127.0.0.1",
                "icon": "router_icon",
                "type": "router",
                "port": 8081,
                "coverage_area_radius": 0,
                "accesspoint_addr": "127.0.0.1",
                "accesspoint_port": 8082,
                "application": "applications.routerapp.RouterApp",
                "is_wireless": false,
                "x": 535,
                "y": 217,
                "access_points": []
            }
        ],
        "mobile_networks": [],
        "wireless_sensor_networks": [
            {
                "name": "energy_metering_wsn",
                "network_layer_protocol": "UDP",
                "application_layer_protocol": "Wi-SUN",
                "latency": "0.02",
                "wireless_standard": "IEEE_802.15.4g",
                "description": "Simple wsn for envirioment monitoring",
                "sink_nodes": [
                    {
                        "name": "wsn_sink",
                        "icon": "sink_icon",
                        "coverage_area_radius": 207,
                        "is_wireless": true,
                        "application": "applications.wsnapp.SinkApp",
                        "x": 2305,
                        "y": 538
                    }
                ],
                "repeater_nodes": [
                    {
                        "name": "wsn_repeater",
                        "icon": "repeater_icon",
                        "coverage_area_radius": 207,
                        "is_wireless": true,
                        "application": "applications.wsnapp.RepeaterApp",
                        "x": 1951,
                        "y": 770
                    },
                    {
                        "name": "wsn_repeater",
                        "icon": "repeater_icon",
                        "coverage_area_radius": 207,
                        "is_wireless": true,
                        "application": "applications.wsnapp.RepeaterApp",
                        "x": 1364,
                        "y": 368
                    },
                    {
                        "name": "wsn_repeater",
                        "icon": "repeater_icon",
                        "coverage_area_radius": 207,
                        "is_wireless": true,
                        "application": "applications.wsnapp.RepeaterApp",
                        "x": 957,
                        "y": 750
                    },
                    {
                        "name": "wsn_repeater",
                        "icon": "repeater_icon",
                        "coverage_area_radius": 207,
                        "is_wireless": true,
                        "application": "applications.wsnapp.RepeaterApp",
                        "x": 1026,
                        "y": 1465
                    },
                    {
                        "name": "wsn_repeater",
                        "icon": "repeater_icon",
                        "coverage_area_radius": 207,
                        "is_wireless": true,
                        "application": "applications.wsnapp.RepeaterApp",
                        "x": 682,
                        "y": 1121
                    },
                    {
                        "name": "wsn_repeater",
                        "icon": "repeater_icon",
                        "coverage_area_radius": 207,
                        "is_wireless": true,
                        "application": "applications.wsnapp.RepeaterApp",
                        "x": 253,
                        "y": 820
                    },
                    {
                        "name": "wsn_repeater",
                        "icon": "repeater_icon",
                        "coverage_area_radius": 207,
                        "is_wireless": true,
                        "application": "applications.wsnapp.RepeaterApp",
                        "x": 1028,
                        "y": 347
                    }
                   
                ],
                "sensor_nodes": [
                    {
                        "name": "sensor",
                        "icon": "sensor_icon",
                        "coverage_area_radius": 207,
                        "application": "applications.wsnapp.SensorApp",
                        "is_wireless": true,
                        "x": 2192,
                        "y": 456
                    },
                    {
                        "name": "sensor",
                        "icon": "sensor_icon",
                        "coverage_area_radius": 207,
                        "application": "applications.wsnapp.SensorApp",
                        "is_wireless": true,
                        "x": 2121,
                        "y": 621
                    },
                    {
                        "name": "sensor",
                        "icon": "sensor_icon",
                        "coverage_area_radius": 207,
                        "application": "applications.wsnapp.SensorApp",
                        "is_wireless": true,
                        "x": 2068,
                        "y": 613
                    },
                    {
                        "name": "sensor",
                        "icon": "sensor_icon",
                        "coverage_area_radius": 207,
                        "application": "applications.wsnapp.SensorApp",
                        "is_wireless": true,
                        "x": 2087,
                        "y": 881
                    },
                    {
                        "name": "sensor",
                        "icon": "sensor_icon",
                        "coverage_area_radius": 207,
                        "application": "applications.wsnapp.SensorApp",
                        "is_wireless": true,
                        "x": 1783,
                        "y": 847
                    },
                    {
                        "name": "sensor",
                        "icon": "sensor_icon",
                        "coverage_area_radius": 207,
                        "application": "applications.wsnapp.SensorApp",
                        "is_wireless": true,
                        "x": 1862,
                        "y": 500
                    },
                    {
                        "name": "sensor",
                        "icon": "sensor_icon",
                        "coverage_area_radius": 207,
                        "application": "applications.wsnapp.SensorApp",
                        "is_wireless": true,
                        "x": 1872,
                        "y": 419
                    },
                    {
                        "name": "sensor",
                        "icon": "sensor_icon",
                        "coverage_area_radius": 207,
                        "application": "applications.wsnapp.SensorApp",
                        "is_wireless": true,
                        "x": 1824,
                        "y": 441
                    },
                    {
                        "name": "sensor",
                        "icon": "sensor_icon",
                        "coverage_area_radius": 207,
                        "application": "applications.wsnapp.SensorApp",
                        "is_wireless": true,
                        "x": 1779,
                        "y": 485
                    },
                    {
                        "name": "sensor",
                        "icon": "sensor_icon",
                        "coverage_area_radius": 207,
                        "application": "applications.wsnapp.SensorApp",
                        "is_wireless": true,
                        "x": 1867,
                        "y": 429
                    },
                    {
                        "name": "sensor",
                        "icon": "sensor_icon",
                        "coverage_area_radius": 207,
                        "application": "applications.wsnapp.SensorApp",
                        "is_wireless": true,
                        "x": 1768,
                        "y": 429
                    },
                    {
                        "name": "sensor",
                        "icon": "sensor_icon",
                        "coverage_area_radius": 207,
                        "application": "applications.wsnapp.SensorApp",
                        "is_wireless": true,
                        "x": 1732,
                        "y": 397
                    },
                    {
                        "name": "sensor",
                        "icon": "sensor_icon",
                        "coverage_area_radius": 207,
                        "application": "applications.wsnapp.SensorApp",
                        "is_wireless": true,
                        "x": 1620,
                        "y": 357
                    },
                    {
                        "name": "sensor",
                        "icon": "sensor_icon",
                        "coverage_area_radius": 207,
                        "application": "applications.wsnapp.SensorApp",
                        "is_wireless": true,
                        "x": 1474,
                        "y": 397
                    },
                    {
                        "name": "sensor",
                        "icon": "sensor_icon",
                        "coverage_area_radius": 207,
                        "application": "applications.wsnapp.SensorApp",
                        "is_wireless": true,
                        "x": 1481,
                        "y": 474
                    },
                    {
                        "name": "sensor",
                        "icon": "sensor_icon",
                        "coverage_area_radius": 207,
                        "application": "applications.wsnapp.SensorApp",
                        "is_wireless": true,
                        "x": 1478,
                        "y": 657
                    },
                    {
                        "name": "sensor",
                        "icon": "sensor_icon",
                        "coverage_area_radius": 207,
                        "application": "applications.wsnapp.SensorApp",
                        "is_wireless": true,
                        "x": 1497,
                        "y": 1061
                    },
                    {
                        "name": "sensor",
                        "icon": "sensor_icon",
                        "coverage_area_radius": 207,
                        "application": "applications.wsnapp.SensorApp",
                        "is_wireless": true,
                        "x": 1587,
                        "y": 1074
                    },
                    {
                        "name": "sensor",
                        "icon": "sensor_icon",
                        "coverage_area_radius": 207,
                        "application": "applications.wsnapp.SensorApp",
                        "is_wireless": true,
                        "x": 1600,
                        "y": 1123
                    },
                    {
                        "name": "sensor",
                        "icon": "sensor_icon",
                        "coverage_area_radius": 207,
                        "application": "applications.wsnapp.SensorApp",
                        "is_wireless": true,
                        "x": 1699,
                        "y": 1199
                    },
                    {
                        "name": "sensor",
                        "icon": "sensor_icon",
                        "coverage_area_radius": 207,
                        "application": "applications.wsnapp.SensorApp",
                        "is_wireless": true,
                        "x": 1727,
                        "y": 1257
                    },
                    {
                        "name": "sensor",
                        "icon": "sensor_icon",
                        "coverage_area_radius": 207,
                        "application": "applications.wsnapp.SensorApp",
                        "is_wireless": true,
                        "x": 1757,
                        "y": 1286
                    },
                    {
                        "name": "sensor",
                        "icon": "sensor_icon",
                        "coverage_area_radius": 207,
                        "application": "applications.wsnapp.SensorApp",
                        "is_wireless": true,
                        "x": 1820,
                        "y": 1383
                    },
                    {
                        "name": "sensor",
                        "icon": "sensor_icon",
                        "coverage_area_radius": 207,
                        "application": "applications.wsnapp.SensorApp",
                        "is_wireless": true,
                        "x": 1556,
                        "y": 1347
                    },
                    {
                        "name": "sensor",
                        "icon": "sensor_icon",
                        "coverage_area_radius": 207,
                        "application": "applications.wsnapp.SensorApp",
                        "is_wireless": true,
                        "x": 1379,
                        "y": 746
                    },
                    {
                        "name": "sensor",
                        "icon": "sensor_icon",
                        "coverage_area_radius": 207,
                        "application": "applications.wsnapp.SensorApp",
                        "is_wireless": true,
                        "x": 1355,
                        "y": 828
                    },
                    {
                        "name": "sensor",
                        "icon": "sensor_icon",
                        "coverage_area_radius": 207,
                        "application": "applications.wsnapp.SensorApp",
                        "is_wireless": true,
                        "x": 1334,
                        "y": 667
                    },
                    {
                        "name": "sensor",
                        "icon": "sensor_icon",
                        "coverage_area_radius": 207,
                        "application": "applications.wsnapp.SensorApp",
                        "is_wireless": true,
                        "x": 1312,
                        "y": 597
                    },
                    {
                        "name": "sensor",
                        "icon": "sensor_icon",
                        "coverage_area_radius": 207,
                        "application": "applications.wsnapp.SensorApp",
                        "is_wireless": true,
                        "x": 1184,
                        "y": 541
                    },
                    {
                        "name": "sensor",
                        "icon": "sensor_icon",
                        "coverage_area_radius": 207,
                        "application": "applications.wsnapp.SensorApp",
                        "is_wireless": true,
                        "x": 1247,
                        "y": 284
                    },
                    {
                        "name": "sensor",
                        "icon": "sensor_icon",
                        "coverage_area_radius": 207,
                        "application": "applications.wsnapp.SensorApp",
                        "is_wireless": true,
                        "x": 1011,
                        "y": 181
                    },
                    {
                        "name": "sensor",
                        "icon": "sensor_icon",
                        "coverage_area_radius": 207,
                        "application": "applications.wsnapp.SensorApp",
                        "is_wireless": true,
                        "x": 819,
                        "y": 239
                    },
                    {
                        "name": "sensor",
                        "icon": "sensor_icon",
                        "coverage_area_radius": 207,
                        "application": "applications.wsnapp.SensorApp",
                        "is_wireless": true,
                        "x": 676,
                        "y": 55
                    },
                    {
                        "name": "sensor",
                        "icon": "sensor_icon",
                        "coverage_area_radius": 207,
                        "application": "applications.wsnapp.SensorApp",
                        "is_wireless": true,
                        "x": 818,
                        "y": 622
                    },
                    {
                        "name": "sensor",
                        "icon": "sensor_icon",
                        "coverage_area_radius": 207,
                        "application": "applications.wsnapp.SensorApp",
                        "is_wireless": true,
                        "x": 1022,
                        "y": 879
                    },
                    {
                        "name": "sensor",
                        "icon": "sensor_icon",
                        "coverage_area_radius": 207,
                        "application": "applications.wsnapp.SensorApp",
                        "is_wireless": true,
                        "x": 1137,
                        "y": 1110
                    },
                    {
                        "name": "sensor",
                        "icon": "sensor_icon",
                        "coverage_area_radius": 207,
                        "application": "applications.wsnapp.SensorApp",
                        "is_wireless": true,
                        "x": 1340,
                        "y": 1043
                    },
                    {
                        "name": "sensor",
                        "icon": "sensor_icon",
                        "coverage_area_radius": 207,
                        "application": "applications.wsnapp.SensorApp",
                        "is_wireless": true,
                        "x": 1066,
                        "y": 1087
                    },
                    {
                        "name": "sensor",
                        "icon": "sensor_icon",
                        "coverage_area_radius": 207,
                        "application": "applications.wsnapp.SensorApp",
                        "is_wireless": true,
                        "x": 1004,
                        "y": 1129
                    },
                    {
                        "name": "sensor",
                        "icon": "sensor_icon",
                        "coverage_area_radius": 207,
                        "application": "applications.wsnapp.SensorApp",
                        "is_wireless": true,
                        "x": 1050,
                        "y": 1335
                    },
                    {
                        "name": "sensor",
                        "icon": "sensor_icon",
                        "coverage_area_radius": 207,
                        "application": "applications.wsnapp.SensorApp",
                        "is_wireless": true,
                        "x": 1013,
                        "y": 1570
                    },
                    {
                        "name": "sensor",
                        "icon": "sensor_icon",
                        "coverage_area_radius": 207,
                        "application": "applications.wsnapp.SensorApp",
                        "is_wireless": true,
                        "x": 886,
                        "y": 1582
                    },
                    {
                        "name": "sensor",
                        "icon": "sensor_icon",
                        "coverage_area_radius": 207,
                        "application": "applications.wsnapp.SensorApp",
                        "is_wireless": true,
                        "x": 939,
                        "y": 1631
                    },
                    {
                        "name": "sensor",
                        "icon": "sensor_icon",
                        "coverage_area_radius": 207,
                        "application": "applications.wsnapp.SensorApp",
                        "is_wireless": true,
                        "x": 678,
                        "y": 835
                    },
                    {
                        "name": "sensor",
                        "icon": "sensor_icon",
                        "coverage_area_radius": 207,
                        "application": "applications.wsnapp.SensorApp",
                        "is_wireless": true,
                        "x": 677,
                        "y": 946
                    },
                    {
                        "name": "sensor",
                        "icon": "sensor_icon",
                        "coverage_area_radius": 207,
                        "application": "applications.wsnapp.SensorApp",
                        "is_wireless": true,
                        "x": 733,
                        "y": 950
                    },
                    {
                        "name": "sensor",
                        "icon": "sensor_icon",
                        "coverage_area_radius": 207,
                        "application": "applications.wsnapp.SensorApp",
                        "is_wireless": true,
                        "x": 746,
                        "y": 935
                    },
                    {
                        "name": "sensor",
                        "icon": "sensor_icon",
                        "coverage_area_radius": 207,
                        "application": "applications.wsnapp.SensorApp",
                        "is_wireless": true,
                        "x": 501,
                        "y": 902
                    },
                    {
                        "name": "sensor",
                        "icon": "sensor_icon",
                        "coverage_area_radius": 207,
                        "application": "applications.wsnapp.SensorApp",
                        "is_wireless": true,
                        "x": 375,
                        "y": 1152
                    },
                    {
                        "name": "sensor",
                        "icon": "sensor_icon",
                        "coverage_area_radius": 207,
                        "application": "applications.wsnapp.SensorApp",
                        "is_wireless": true,
                        "x": 489,
                        "y": 1181
                    },
                    {
                        "name": "sensor",
                        "icon": "sensor_icon",
                        "coverage_area_radius": 207,
                        "application": "applications.wsnapp.SensorApp",
                        "is_wireless": true,
                        "x": 526,
                        "y": 1234
                    },
                    {
                        "name": "sensor",
                        "icon": "sensor_icon",
                        "coverage_area_radius": 207,
                        "application": "applications.wsnapp.SensorApp",
                        "is_wireless": true,
                        "x": 596,
                        "y": 1284
                    },
                    {
                        "name": "sensor",
                        "icon": "sensor_icon",
                        "coverage_area_radius": 207,
                        "application": "applications.wsnapp.SensorApp",
                        "is_wireless": true,
                        "x": 619,
                        "y": 1259
                    },
                    {
                        "name": "sensor",
                        "icon": "sensor_icon",
                        "coverage_area_radius": 207,
                        "application": "applications.wsnapp.SensorApp",
                        "is_wireless": true,
                        "x": 320,
                        "y": 838
                    },
                    {
                        "name": "sensor",
                        "icon": "sensor_icon",
                        "coverage_area_radius": 207,
                        "application": "applications.wsnapp.SensorApp",
                        "is_wireless": true,
                        "x": 79,
                        "y": 792
                    },
                    {
                        "name": "sensor",
                        "icon": "sensor_icon",
                        "coverage_area_radius": 207,
                        "application": "applications.wsnapp.SensorApp",
                        "is_wireless": true,
                        "x": 203,
                        "y": 1153
                    }

                ]
            }
        ]
}
