{
  "servers": [
    {
      "name": "Fog Broker Node",
      "real_ip": "127.0.0.1",
      "icon": "broker_icon",
      "type": "server",
      "port": 5100,
      "is_wireless": false,
      "coverage_area_radius": 0,
      "application": "applications.mqttapp.BrokerApp",
      "x": 250,
      "y": 175
    }
  ],
  "clients": [
    {
      "name": "SCADA System",
      "real_ip": "127.0.0.1",
      "icon": "notebook_icon",
      "type": "client",
      "is_wireless": false,
      "coverage_area_radius": 0,
      "application": "applications.smartgridapp.SCADAApp",
      "x": 582,
      "y": 67
    }
  ],
  "wireless_computers": [],
  "routers": [
    {
      "name": "Router 001",
      "real_ip": "127.0.0.1",
      "icon": "router_icon",
      "type": "router",
      "port": 8081,
      "coverage_area_radius": 0,
      "accesspoint_addr": "127.0.0.1",
      "accesspoint_port": 8082,
      "application": "applications.routerapp.RouterApp",
      "is_wireless": false,
      "x": 400,
      "y": 200,
      "access_points": [
        {
          "TBTT": 0.1024,
          "SSID": "Rede privada 001",
          "WPA2_password": "iotfogsim2019",
          "icon": "ap_icon",
          "coverage_area_radius": 200,
          "application": "applications.accesspointapp.AccessPointApp",
          "type": "access_point",
          "is_wireless": true,
          "x": 400,
          "y": 300
        }
      ]
    }
  ],
  "mobile_networks": [],
  "wireless_sensor_networks": [
    {
      "name": "energe_metering_wsn",
      "network_layer_protocol": "UDP",
      "application_layer_protocol": "Wi-SUN",
      "latency": "0.02",
      "wireless_standard": "IEEE_802.15.4g",
      "description": "Simple wsn for envirioment monitoring",
      "sink_nodes": [
        {
          "name": "wsn_sink",
          "icon": "sink_icon",
          "coverage_area_radius": 100,
          "is_wireless": true,
          "application": "applications.wsnapp.SinkApp",
          "x": 1212,
          "y": 216
        }
      ],
      "repeater_nodes": [
        {
          "name": "wsn_repeater",
          "icon": "repeater_icon",
          "coverage_area_radius": 150,
          "is_wireless": true,
          "application": "applications.wsnapp.RepeaterApp",
          "x": 975,
          "y": 564
        }
      ],
      "sensor_nodes": [
        {
          "name": "sensor",
          "icon": "sensor_icon",
          "coverage_area_radius": 100,
          "application": "applications.wsnapp.SensorApp",
          "is_wireless": true,
          "x": 1168,
          "y": 291
        },
        {
          "name": "sensor",
          "icon": "sensor_icon",
          "coverage_area_radius": 100,
          "application": "applications.wsnapp.SensorApp",
          "is_wireless": true,
          "x": 850,
          "y": 200
        },
        {
          "name": "sensor",
          "icon": "sensor_icon",
          "coverage_area_radius": 100,
          "application": "applications.wsnapp.SensorApp",
          "is_wireless": true,
          "x": 1152,
          "y": 391
        },

        {
          "name": "sensor",
          "icon": "sensor_icon",
          "coverage_area_radius": 100,
          "application": "applications.wsnapp.SensorApp",
          "is_wireless": true,
          "x": 1133,
          "y": 487
        },
        {
          "name": "sensor",
          "icon": "sensor_icon",
          "coverage_area_radius": 100,
          "application": "applications.wsnapp.SensorApp",
          "is_wireless": true,
          "x": 617,
          "y": 604
        },
        {
          "name": "sensor",
          "icon": "sensor_icon",
          "coverage_area_radius": 100,
          "application": "applications.wsnapp.SensorApp",
          "is_wireless": true,
          "x": 624,
          "y": 510
        },
        {
          "name": "sensor",
          "icon": "sensor_icon",
          "coverage_area_radius": 100,
          "application": "applications.wsnapp.SensorApp",
          "is_wireless": true,
          "x": 870,
          "y": 680
        },
        {
          "name": "sensor",
          "icon": "sensor_icon",
          "coverage_area_radius": 100,
          "application": "applications.wsnapp.SensorApp",
          "is_wireless": true,
          "x": 887,
          "y": 591
        },
        {
          "name": "sensor",
          "icon": "sensor_icon",
          "coverage_area_radius": 100,
          "application": "applications.wsnapp.SensorApp",
          "is_wireless": true,
          "x": 780,
          "y": 410
        }
      ]
    }
  ]
}
