[
    {
        "name": "IP Camera 1",
        "MIPS": 1024,
        "icon": "camera_icon",
        "type": "appliance",
        "is_wireless": false,
        "power_watts": 55,
        "coverage_area_radius": 0,
        "application": "apps.cctv.CameraApp",
        "network_interfaces": [
            {
                "name": "eth0",
                "is_wireless": false,
                "ip": "172.148.0.3"
            }
        ],
        "x": 1084,
        "y": 620
    },
    {
        "name": "IP Camera 2",
        "MIPS": 1024,
        "icon": "camera_icon",
        "type": "appliance",
        "is_wireless": false,
        "power_watts": 55,
        "coverage_area_radius": 0,
        "application": "apps.cctv.CameraApp",
        "network_interfaces": [
            {
                "name": "eth0",
                "is_wireless": false,
                "ip": "172.148.0.4"
            }
        ],
        "x": 440,
        "y": 620
    }
]