{

        "servers": [
            {
                "name": "Web Server",
                "real_ip": "127.0.0.1",
                "icon": "broker_icon",
                "type": "server",
                "port": 8080,
                "is_wireless": false,
                "coverage_area_radius": 0,
                "application": "applications.httpapp.HttpServerApp",
                "x": 979,
                "y": 148,
                "link": "Simple Fog"
            }
        ],
        "clients":[],
        "wireless_computers": [
            {
                "name": "notebook 1",
                "icon": "notebook_icon",
                "coverage_area_radius": 100,
                "application": "applications.wirelesscomputerapp.WirelessComputerApp",
                "is_wireless": true,
                "x": 669,
                "y": 570
            }
        ],
        "routers": [
            {
                "name": "Router 001",
                "real_ip": "127.0.0.1",
                "icon": "router_icon",
                "type": "router",
                "port": 8081,
                "coverage_area_radius": 0,
                "accesspoint_addr": "127.0.0.1",
                "accesspoint_port": 8082,
                "application": "applications.routerapp.RouterApp",
                "is_wireless": false,
                "x": 131,
                "y": 342,
                "access_points": [
                    {
                        "TBTT": 0.1024,
                        "SSID": "Rede privada 001",
                        "WPA2_password": "iotfogsim2019",
                        "icon": "ap_icon",
                        "coverage_area_radius": 200,
                        "application": "applications.accesspointapp.AccessPointApp",
                        "type": "access_point",
                        "is_wireless": true,
                        "x": 185,
                        "y": 468
                    }
                ]
            }
        ],
        "wireless_sensor_networks": [],
        "mobile_networks": []

}