speed: 20km,x: 10,y: 15,stored_at:2022-05-22T16:22:26.408268
speed: 20km,x: 10,y: 15,stored_at:2022-05-22T16:22:56.425655
speed: 20km,x: 10,y: 15,stored_at:2022-05-22T16:22:56.425655speed: 20km,x: 10,y: 15,stored_at:2022-05-22T16:22:56.425707
speed: 20km,x: 10,y: 15,stored_at:2022-05-22T16:22:56.425655speed: 20km,x: 10,y: 15,stored_at:2022-05-22T16:22:56.425707speed: 20km,x: 10,y: 15,stored_at:2022-05-22T16:22:56.425719
speed: 20km,x: 10,y: 15,stored_at:2022-05-22T16:22:56.425655speed: 20km,x: 10,y: 15,stored_at:2022-05-22T16:22:56.425707speed: 20km,x: 10,y: 15,stored_at:2022-05-22T16:22:56.425719speed: 20km,x: 10,y: 15,stored_at:2022-05-22T16:22:56.425735
speed: 20km,x: 10,y: 15,stored_at:2022-05-22T16:22:56.425655speed: 20km,x: 10,y: 15,stored_at:2022-05-22T16:22:56.425707speed: 20km,x: 10,y: 15,stored_at:2022-05-22T16:22:56.425719speed: 20km,x: 10,y: 15,stored_at:2022-05-22T16:22:56.425735speed: 20km,x: 10,y: 15,stored_at:2022-05-22T16:22:56.425756
speed: 20km,x: 10,y: 15,stored_at:2022-05-22T16:22:56.425655speed: 20km,x: 10,y: 15,stored_at:2022-05-22T16:22:56.425707speed: 20km,x: 10,y: 15,stored_at:2022-05-22T16:22:56.425719speed: 20km,x: 10,y: 15,stored_at:2022-05-22T16:22:56.425735speed: 20km,x: 10,y: 15,stored_at:2022-05-22T16:22:56.425756speed: 20km,x: 10,y: 15,stored_at:2022-05-22T16:22:56.425771
speed: 20km,x: 10,y: 15,stored_at:2022-05-22T16:22:56.425655speed: 20km,x: 10,y: 15,stored_at:2022-05-22T16:22:56.425707speed: 20km,x: 10,y: 15,stored_at:2022-05-22T16:22:56.425719speed: 20km,x: 10,y: 15,stored_at:2022-05-22T16:22:56.425735speed: 20km,x: 10,y: 15,stored_at:2022-05-22T16:22:56.425756speed: 20km,x: 10,y: 15,stored_at:2022-05-22T16:22:56.425771speed: 20km,x: 10,y: 15,stored_at:2022-05-22T16:22:56.425785
speed: 20km,x: 10,y: 15,stored_at:2022-05-22T16:22:56.425655speed: 20km,x: 10,y: 15,stored_at:2022-05-22T16:22:56.425707speed: 20km,x: 10,y: 15,stored_at:2022-05-22T16:22:56.425719speed: 20km,x: 10,y: 15,stored_at:2022-05-22T16:22:56.425735speed: 20km,x: 10,y: 15,stored_at:2022-05-22T16:22:56.425756speed: 20km,x: 10,y: 15,stored_at:2022-05-22T16:22:56.425771speed: 20km,x: 10,y: 15,stored_at:2022-05-22T16:22:56.425785speed: 20km,x: 10,y: 15,stored_at:2022-05-22T16:22:56.425798
speed: 20km,x: 10,y: 15,stored_at:2022-05-22T16:22:56.425655speed: 20km,x: 10,y: 15,stored_at:2022-05-22T16:22:56.425707speed: 20km,x: 10,y: 15,stored_at:2022-05-22T16:22:56.425719speed: 20km,x: 10,y: 15,stored_at:2022-05-22T16:22:56.425735speed: 20km,x: 10,y: 15,stored_at:2022-05-22T16:22:56.425756speed: 20km,x: 10,y: 15,stored_at:2022-05-22T16:22:56.425771speed: 20km,x: 10,y: 15,stored_at:2022-05-22T16:22:56.425785speed: 20km,x: 10,y: 15,stored_at:2022-05-22T16:22:56.425798speed: 20km,x: 10,y: 15,stored_at:2022-05-22T16:22:56.425813
speed: 20km,x: 10,y: 15,stored_at:2022-05-22T16:22:56.425655speed: 20km,x: 10,y: 15,stored_at:2022-05-22T16:22:56.425707speed: 20km,x: 10,y: 15,stored_at:2022-05-22T16:22:56.425719speed: 20km,x: 10,y: 15,stored_at:2022-05-22T16:22:56.425735speed: 20km,x: 10,y: 15,stored_at:2022-05-22T16:22:56.425756speed: 20km,x: 10,y: 15,stored_at:2022-05-22T16:22:56.425771speed: 20km,x: 10,y: 15,stored_at:2022-05-22T16:22:56.425785speed: 20km,x: 10,y: 15,stored_at:2022-05-22T16:22:56.425798speed: 20km,x: 10,y: 15,stored_at:2022-05-22T16:22:56.425813speed: 20km,x: 10,y: 15,stored_at:2022-05-22T16:22:56.425826
speed: 20km,x: 10,y: 15,stored_at:2022-05-22T16:22:56.425655speed: 20km,x: 10,y: 15,stored_at:2022-05-22T16:22:56.425707speed: 20km,x: 10,y: 15,stored_at:2022-05-22T16:22:56.425719speed: 20km,x: 10,y: 15,stored_at:2022-05-22T16:22:56.425735speed: 20km,x: 10,y: 15,stored_at:2022-05-22T16:22:56.425756speed: 20km,x: 10,y: 15,stored_at:2022-05-22T16:22:56.425771speed: 20km,x: 10,y: 15,stored_at:2022-05-22T16:22:56.425785speed: 20km,x: 10,y: 15,stored_at:2022-05-22T16:22:56.425798speed: 20km,x: 10,y: 15,stored_at:2022-05-22T16:22:56.425813speed: 20km,x: 10,y: 15,stored_at:2022-05-22T16:22:56.425826speed: 20km,x: 10,y: 15,stored_at:2022-05-22T16:22:56.425839
speed: 20km,x: 10,y: 15,stored_at:2022-05-22T16:22:56.425655speed: 20km,x: 10,y: 15,stored_at:2022-05-22T16:22:56.425707speed: 20km,x: 10,y: 15,stored_at:2022-05-22T16:22:56.425719speed: 20km,x: 10,y: 15,stored_at:2022-05-22T16:22:56.425735speed: 20km,x: 10,y: 15,stored_at:2022-05-22T16:22:56.425756speed: 20km,x: 10,y: 15,stored_at:2022-05-22T16:22:56.425771speed: 20km,x: 10,y: 15,stored_at:2022-05-22T16:22:56.425785speed: 20km,x: 10,y: 15,stored_at:2022-05-22T16:22:56.425798speed: 20km,x: 10,y: 15,stored_at:2022-05-22T16:22:56.425813speed: 20km,x: 10,y: 15,stored_at:2022-05-22T16:22:56.425826speed: 20km,x: 10,y: 15,stored_at:2022-05-22T16:22:56.425839speed: 20km,x: 10,y: 15,stored_at:2022-05-22T16:22:56.425853
speed: 20km,x: 10,y: 15,stored_at:2022-05-22T16:22:56.425655speed: 20km,x: 10,y: 15,stored_at:2022-05-22T16:22:56.425707speed: 20km,x: 10,y: 15,stored_at:2022-05-22T16:22:56.425719speed: 20km,x: 10,y: 15,stored_at:2022-05-22T16:22:56.425735speed: 20km,x: 10,y: 15,stored_at:2022-05-22T16:22:56.425756speed: 20km,x: 10,y: 15,stored_at:2022-05-22T16:22:56.425771speed: 20km,x: 10,y: 15,stored_at:2022-05-22T16:22:56.425785speed: 20km,x: 10,y: 15,stored_at:2022-05-22T16:22:56.425798speed: 20km,x: 10,y: 15,stored_at:2022-05-22T16:22:56.425813speed: 20km,x: 10,y: 15,stored_at:2022-05-22T16:22:56.425826speed: 20km,x: 10,y: 15,stored_at:2022-05-22T16:22:56.425839speed: 20km,x: 10,y: 15,stored_at:2022-05-22T16:22:56.425853speed: 20km,x: 10,y: 15,stored_at:2022-05-22T16:22:56.425878
speed: 20km,x: 10,y: 15,stored_at:2022-05-22T16:22:56.425655speed: 20km,x: 10,y: 15,stored_at:2022-05-22T16:22:56.425707speed: 20km,x: 10,y: 15,stored_at:2022-05-22T16:22:56.425719speed: 20km,x: 10,y: 15,stored_at:2022-05-22T16:22:56.425735speed: 20km,x: 10,y: 15,stored_at:2022-05-22T16:22:56.425756speed: 20km,x: 10,y: 15,stored_at:2022-05-22T16:22:56.425771speed: 20km,x: 10,y: 15,stored_at:2022-05-22T16:22:56.425785speed: 20km,x: 10,y: 15,stored_at:2022-05-22T16:22:56.425798speed: 20km,x: 10,y: 15,stored_at:2022-05-22T16:22:56.425813speed: 20km,x: 10,y: 15,stored_at:2022-05-22T16:22:56.425826speed: 20km,x: 10,y: 15,stored_at:2022-05-22T16:22:56.425839speed: 20km,x: 10,y: 15,stored_at:2022-05-22T16:22:56.425853speed: 20km,x: 10,y: 15,stored_at:2022-05-22T16:22:56.425878speed: 20km,x: 10,y: 15,stored_at:2022-05-22T16:22:56.425892
speed: 20km,x: 10,y: 15,stored_at:2022-05-22T16:22:56.425655speed: 20km,x: 10,y: 15,stored_at:2022-05-22T16:22:56.425707speed: 20km,x: 10,y: 15,stored_at:2022-05-22T16:22:56.425719speed: 20km,x: 10,y: 15,stored_at:2022-05-22T16:22:56.425735speed: 20km,x: 10,y: 15,stored_at:2022-05-22T16:22:56.425756speed: 20km,x: 10,y: 15,stored_at:2022-05-22T16:22:56.425771speed: 20km,x: 10,y: 15,stored_at:2022-05-22T16:22:56.425785speed: 20km,x: 10,y: 15,stored_at:2022-05-22T16:22:56.425798speed: 20km,x: 10,y: 15,stored_at:2022-05-22T16:22:56.425813speed: 20km,x: 10,y: 15,stored_at:2022-05-22T16:22:56.425826speed: 20km,x: 10,y: 15,stored_at:2022-05-22T16:22:56.425839speed: 20km,x: 10,y: 15,stored_at:2022-05-22T16:22:56.425853speed: 20km,x: 10,y: 15,stored_at:2022-05-22T16:22:56.425878speed: 20km,x: 10,y: 15,stored_at:2022-05-22T16:22:56.425892speed: 20km,x: 10,y: 15,stored_at:2022-05-22T16:22:56.425906
speed: 20km,x: 10,y: 15,stored_at:2022-05-22T16:22:56.425655speed: 20km,x: 10,y: 15,stored_at:2022-05-22T16:22:56.425707speed: 20km,x: 10,y: 15,stored_at:2022-05-22T16:22:56.425719speed: 20km,x: 10,y: 15,stored_at:2022-05-22T16:22:56.425735speed: 20km,x: 10,y: 15,stored_at:2022-05-22T16:22:56.425756speed: 20km,x: 10,y: 15,stored_at:2022-05-22T16:22:56.425771speed: 20km,x: 10,y: 15,stored_at:2022-05-22T16:22:56.425785speed: 20km,x: 10,y: 15,stored_at:2022-05-22T16:22:56.425798speed: 20km,x: 10,y: 15,stored_at:2022-05-22T16:22:56.425813speed: 20km,x: 10,y: 15,stored_at:2022-05-22T16:22:56.425826speed: 20km,x: 10,y: 15,stored_at:2022-05-22T16:22:56.425839speed: 20km,x: 10,y: 15,stored_at:2022-05-22T16:22:56.425853speed: 20km,x: 10,y: 15,stored_at:2022-05-22T16:22:56.425878speed: 20km,x: 10,y: 15,stored_at:2022-05-22T16:22:56.425892speed: 20km,x: 10,y: 15,stored_at:2022-05-22T16:22:56.425906speed: 20km,x: 10,y: 15,stored_at:2022-05-22T16:22:56.425919
speed: 20km,x: 10,y: 15,stored_at:2022-05-22T16:22:56.425655speed: 20km,x: 10,y: 15,stored_at:2022-05-22T16:22:56.425707speed: 20km,x: 10,y: 15,stored_at:2022-05-22T16:22:56.425719speed: 20km,x: 10,y: 15,stored_at:2022-05-22T16:22:56.425735speed: 20km,x: 10,y: 15,stored_at:2022-05-22T16:22:56.425756speed: 20km,x: 10,y: 15,stored_at:2022-05-22T16:22:56.425771speed: 20km,x: 10,y: 15,stored_at:2022-05-22T16:22:56.425785speed: 20km,x: 10,y: 15,stored_at:2022-05-22T16:22:56.425798speed: 20km,x: 10,y: 15,stored_at:2022-05-22T16:22:56.425813speed: 20km,x: 10,y: 15,stored_at:2022-05-22T16:22:56.425826speed: 20km,x: 10,y: 15,stored_at:2022-05-22T16:22:56.425839speed: 20km,x: 10,y: 15,stored_at:2022-05-22T16:22:56.425853speed: 20km,x: 10,y: 15,stored_at:2022-05-22T16:22:56.425878speed: 20km,x: 10,y: 15,stored_at:2022-05-22T16:22:56.425892speed: 20km,x: 10,y: 15,stored_at:2022-05-22T16:22:56.425906speed: 20km,x: 10,y: 15,stored_at:2022-05-22T16:22:56.425919speed: 20km,x: 10,y: 15,stored_at:2022-05-22T16:22:56.425937
speed: 20km,x: 10,y: 15,stored_at:2022-05-22T16:23:26.449813
speed: 20km,x: 10,y: 15,stored_at:2022-05-22T16:23:26.449813speed: 20km,x: 10,y: 15,stored_at:2022-05-22T16:23:26.449878
speed: 20km,x: 10,y: 15,stored_at:2022-05-22T16:23:26.449813speed: 20km,x: 10,y: 15,stored_at:2022-05-22T16:23:26.449878speed: 20km,x: 10,y: 15,stored_at:2022-05-22T16:23:26.449898
speed: 20km,x: 10,y: 15,stored_at:2022-05-22T16:23:26.449813speed: 20km,x: 10,y: 15,stored_at:2022-05-22T16:23:26.449878speed: 20km,x: 10,y: 15,stored_at:2022-05-22T16:23:26.449898speed: 20km,x: 10,y: 15,stored_at:2022-05-22T16:23:26.449919
speed: 20km,x: 10,y: 15,stored_at:2022-05-22T16:23:26.449813speed: 20km,x: 10,y: 15,stored_at:2022-05-22T16:23:26.449878speed: 20km,x: 10,y: 15,stored_at:2022-05-22T16:23:26.449898speed: 20km,x: 10,y: 15,stored_at:2022-05-22T16:23:26.449919speed: 20km,x: 10,y: 15,stored_at:2022-05-22T16:23:26.449935
speed: 20km,x: 10,y: 15,stored_at:2022-05-22T16:23:26.449813speed: 20km,x: 10,y: 15,stored_at:2022-05-22T16:23:26.449878speed: 20km,x: 10,y: 15,stored_at:2022-05-22T16:23:26.449898speed: 20km,x: 10,y: 15,stored_at:2022-05-22T16:23:26.449919speed: 20km,x: 10,y: 15,stored_at:2022-05-22T16:23:26.449935speed: 20km,x: 10,y: 15,stored_at:2022-05-22T16:23:26.449953
speed: 20km,x: 10,y: 15,stored_at:2022-05-22T16:23:26.449813speed: 20km,x: 10,y: 15,stored_at:2022-05-22T16:23:26.449878speed: 20km,x: 10,y: 15,stored_at:2022-05-22T16:23:26.449898speed: 20km,x: 10,y: 15,stored_at:2022-05-22T16:23:26.449919speed: 20km,x: 10,y: 15,stored_at:2022-05-22T16:23:26.449935speed: 20km,x: 10,y: 15,stored_at:2022-05-22T16:23:26.449953speed: 20km,x: 10,y: 15,stored_at:2022-05-22T16:23:26.449972
speed: 20km,x: 10,y: 15,stored_at:2022-05-22T16:23:26.449813speed: 20km,x: 10,y: 15,stored_at:2022-05-22T16:23:26.449878speed: 20km,x: 10,y: 15,stored_at:2022-05-22T16:23:26.449898speed: 20km,x: 10,y: 15,stored_at:2022-05-22T16:23:26.449919speed: 20km,x: 10,y: 15,stored_at:2022-05-22T16:23:26.449935speed: 20km,x: 10,y: 15,stored_at:2022-05-22T16:23:26.449953speed: 20km,x: 10,y: 15,stored_at:2022-05-22T16:23:26.449972speed: 20km,x: 10,y: 15,stored_at:2022-05-22T16:23:26.449990
speed: 20km,x: 10,y: 15,stored_at:2022-05-22T16:23:26.449813speed: 20km,x: 10,y: 15,stored_at:2022-05-22T16:23:26.449878speed: 20km,x: 10,y: 15,stored_at:2022-05-22T16:23:26.449898speed: 20km,x: 10,y: 15,stored_at:2022-05-22T16:23:26.449919speed: 20km,x: 10,y: 15,stored_at:2022-05-22T16:23:26.449935speed: 20km,x: 10,y: 15,stored_at:2022-05-22T16:23:26.449953speed: 20km,x: 10,y: 15,stored_at:2022-05-22T16:23:26.449972speed: 20km,x: 10,y: 15,stored_at:2022-05-22T16:23:26.449990speed: 20km,x: 10,y: 15,stored_at:2022-05-22T16:23:26.450006
speed: 20km,x: 10,y: 15,stored_at:2022-05-22T16:23:26.449813speed: 20km,x: 10,y: 15,stored_at:2022-05-22T16:23:26.449878speed: 20km,x: 10,y: 15,stored_at:2022-05-22T16:23:26.449898speed: 20km,x: 10,y: 15,stored_at:2022-05-22T16:23:26.449919speed: 20km,x: 10,y: 15,stored_at:2022-05-22T16:23:26.449935speed: 20km,x: 10,y: 15,stored_at:2022-05-22T16:23:26.449953speed: 20km,x: 10,y: 15,stored_at:2022-05-22T16:23:26.449972speed: 20km,x: 10,y: 15,stored_at:2022-05-22T16:23:26.449990speed: 20km,x: 10,y: 15,stored_at:2022-05-22T16:23:26.450006speed: 20km,x: 10,y: 15,stored_at:2022-05-22T16:23:26.450023
speed: 20km,x: 10,y: 15,stored_at:2022-05-22T16:23:26.449813speed: 20km,x: 10,y: 15,stored_at:2022-05-22T16:23:26.449878speed: 20km,x: 10,y: 15,stored_at:2022-05-22T16:23:26.449898speed: 20km,x: 10,y: 15,stored_at:2022-05-22T16:23:26.449919speed: 20km,x: 10,y: 15,stored_at:2022-05-22T16:23:26.449935speed: 20km,x: 10,y: 15,stored_at:2022-05-22T16:23:26.449953speed: 20km,x: 10,y: 15,stored_at:2022-05-22T16:23:26.449972speed: 20km,x: 10,y: 15,stored_at:2022-05-22T16:23:26.449990speed: 20km,x: 10,y: 15,stored_at:2022-05-22T16:23:26.450006speed: 20km,x: 10,y: 15,stored_at:2022-05-22T16:23:26.450023speed: 20km,x: 10,y: 15,stored_at:2022-05-22T16:23:26.450053
speed: 20km,x: 10,y: 15,stored_at:2022-05-22T16:23:26.449813speed: 20km,x: 10,y: 15,stored_at:2022-05-22T16:23:26.449878speed: 20km,x: 10,y: 15,stored_at:2022-05-22T16:23:26.449898speed: 20km,x: 10,y: 15,stored_at:2022-05-22T16:23:26.449919speed: 20km,x: 10,y: 15,stored_at:2022-05-22T16:23:26.449935speed: 20km,x: 10,y: 15,stored_at:2022-05-22T16:23:26.449953speed: 20km,x: 10,y: 15,stored_at:2022-05-22T16:23:26.449972speed: 20km,x: 10,y: 15,stored_at:2022-05-22T16:23:26.449990speed: 20km,x: 10,y: 15,stored_at:2022-05-22T16:23:26.450006speed: 20km,x: 10,y: 15,stored_at:2022-05-22T16:23:26.450023speed: 20km,x: 10,y: 15,stored_at:2022-05-22T16:23:26.450053speed: 20km,x: 10,y: 15,stored_at:2022-05-22T16:23:26.450070
speed: 20km,x: 10,y: 15,stored_at:2022-05-22T16:23:26.449813speed: 20km,x: 10,y: 15,stored_at:2022-05-22T16:23:26.449878speed: 20km,x: 10,y: 15,stored_at:2022-05-22T16:23:26.449898speed: 20km,x: 10,y: 15,stored_at:2022-05-22T16:23:26.449919speed: 20km,x: 10,y: 15,stored_at:2022-05-22T16:23:26.449935speed: 20km,x: 10,y: 15,stored_at:2022-05-22T16:23:26.449953speed: 20km,x: 10,y: 15,stored_at:2022-05-22T16:23:26.449972speed: 20km,x: 10,y: 15,stored_at:2022-05-22T16:23:26.449990speed: 20km,x: 10,y: 15,stored_at:2022-05-22T16:23:26.450006speed: 20km,x: 10,y: 15,stored_at:2022-05-22T16:23:26.450023speed: 20km,x: 10,y: 15,stored_at:2022-05-22T16:23:26.450053speed: 20km,x: 10,y: 15,stored_at:2022-05-22T16:23:26.450070speed: 20km,x: 10,y: 15,stored_at:2022-05-22T16:23:26.450087
speed: 20km,x: 10,y: 15,stored_at:2022-05-22T16:23:26.449813speed: 20km,x: 10,y: 15,stored_at:2022-05-22T16:23:26.449878speed: 20km,x: 10,y: 15,stored_at:2022-05-22T16:23:26.449898speed: 20km,x: 10,y: 15,stored_at:2022-05-22T16:23:26.449919speed: 20km,x: 10,y: 15,stored_at:2022-05-22T16:23:26.449935speed: 20km,x: 10,y: 15,stored_at:2022-05-22T16:23:26.449953speed: 20km,x: 10,y: 15,stored_at:2022-05-22T16:23:26.449972speed: 20km,x: 10,y: 15,stored_at:2022-05-22T16:23:26.449990speed: 20km,x: 10,y: 15,stored_at:2022-05-22T16:23:26.450006speed: 20km,x: 10,y: 15,stored_at:2022-05-22T16:23:26.450023speed: 20km,x: 10,y: 15,stored_at:2022-05-22T16:23:26.450053speed: 20km,x: 10,y: 15,stored_at:2022-05-22T16:23:26.450070speed: 20km,x: 10,y: 15,stored_at:2022-05-22T16:23:26.450087speed: 20km,x: 10,y: 15,stored_at:2022-05-22T16:23:26.450102
speed: 20km,x: 10,y: 15,stored_at:2022-05-22T16:23:26.449813speed: 20km,x: 10,y: 15,stored_at:2022-05-22T16:23:26.449878speed: 20km,x: 10,y: 15,stored_at:2022-05-22T16:23:26.449898speed: 20km,x: 10,y: 15,stored_at:2022-05-22T16:23:26.449919speed: 20km,x: 10,y: 15,stored_at:2022-05-22T16:23:26.449935speed: 20km,x: 10,y: 15,stored_at:2022-05-22T16:23:26.449953speed: 20km,x: 10,y: 15,stored_at:2022-05-22T16:23:26.449972speed: 20km,x: 10,y: 15,stored_at:2022-05-22T16:23:26.449990speed: 20km,x: 10,y: 15,stored_at:2022-05-22T16:23:26.450006speed: 20km,x: 10,y: 15,stored_at:2022-05-22T16:23:26.450023speed: 20km,x: 10,y: 15,stored_at:2022-05-22T16:23:26.450053speed: 20km,x: 10,y: 15,stored_at:2022-05-22T16:23:26.450070speed: 20km,x: 10,y: 15,stored_at:2022-05-22T16:23:26.450087speed: 20km,x: 10,y: 15,stored_at:2022-05-22T16:23:26.450102speed: 20km,x: 10,y: 15,stored_at:2022-05-22T16:23:26.450118
speed: 20km,x: 10,y: 15,stored_at:2022-05-22T16:23:26.449813speed: 20km,x: 10,y: 15,stored_at:2022-05-22T16:23:26.449878speed: 20km,x: 10,y: 15,stored_at:2022-05-22T16:23:26.449898speed: 20km,x: 10,y: 15,stored_at:2022-05-22T16:23:26.449919speed: 20km,x: 10,y: 15,stored_at:2022-05-22T16:23:26.449935speed: 20km,x: 10,y: 15,stored_at:2022-05-22T16:23:26.449953speed: 20km,x: 10,y: 15,stored_at:2022-05-22T16:23:26.449972speed: 20km,x: 10,y: 15,stored_at:2022-05-22T16:23:26.449990speed: 20km,x: 10,y: 15,stored_at:2022-05-22T16:23:26.450006speed: 20km,x: 10,y: 15,stored_at:2022-05-22T16:23:26.450023speed: 20km,x: 10,y: 15,stored_at:2022-05-22T16:23:26.450053speed: 20km,x: 10,y: 15,stored_at:2022-05-22T16:23:26.450070speed: 20km,x: 10,y: 15,stored_at:2022-05-22T16:23:26.450087speed: 20km,x: 10,y: 15,stored_at:2022-05-22T16:23:26.450102speed: 20km,x: 10,y: 15,stored_at:2022-05-22T16:23:26.450118speed: 20km,x: 10,y: 15,stored_at:2022-05-22T16:23:26.450141
speed: 20km,x: 10,y: 15,stored_at:2022-05-22T16:23:26.449813speed: 20km,x: 10,y: 15,stored_at:2022-05-22T16:23:26.449878speed: 20km,x: 10,y: 15,stored_at:2022-05-22T16:23:26.449898speed: 20km,x: 10,y: 15,stored_at:2022-05-22T16:23:26.449919speed: 20km,x: 10,y: 15,stored_at:2022-05-22T16:23:26.449935speed: 20km,x: 10,y: 15,stored_at:2022-05-22T16:23:26.449953speed: 20km,x: 10,y: 15,stored_at:2022-05-22T16:23:26.449972speed: 20km,x: 10,y: 15,stored_at:2022-05-22T16:23:26.449990speed: 20km,x: 10,y: 15,stored_at:2022-05-22T16:23:26.450006speed: 20km,x: 10,y: 15,stored_at:2022-05-22T16:23:26.450023speed: 20km,x: 10,y: 15,stored_at:2022-05-22T16:23:26.450053speed: 20km,x: 10,y: 15,stored_at:2022-05-22T16:23:26.450070speed: 20km,x: 10,y: 15,stored_at:2022-05-22T16:23:26.450087speed: 20km,x: 10,y: 15,stored_at:2022-05-22T16:23:26.450102speed: 20km,x: 10,y: 15,stored_at:2022-05-22T16:23:26.450118speed: 20km,x: 10,y: 15,stored_at:2022-05-22T16:23:26.450141speed: 20km,x: 10,y: 15,stored_at:2022-05-22T16:23:26.450156
speed: 20km,x: 10,y: 15,stored_at:2022-05-22T16:23:26.449813speed: 20km,x: 10,y: 15,stored_at:2022-05-22T16:23:26.449878speed: 20km,x: 10,y: 15,stored_at:2022-05-22T16:23:26.449898speed: 20km,x: 10,y: 15,stored_at:2022-05-22T16:23:26.449919speed: 20km,x: 10,y: 15,stored_at:2022-05-22T16:23:26.449935speed: 20km,x: 10,y: 15,stored_at:2022-05-22T16:23:26.449953speed: 20km,x: 10,y: 15,stored_at:2022-05-22T16:23:26.449972speed: 20km,x: 10,y: 15,stored_at:2022-05-22T16:23:26.449990speed: 20km,x: 10,y: 15,stored_at:2022-05-22T16:23:26.450006speed: 20km,x: 10,y: 15,stored_at:2022-05-22T16:23:26.450023speed: 20km,x: 10,y: 15,stored_at:2022-05-22T16:23:26.450053speed: 20km,x: 10,y: 15,stored_at:2022-05-22T16:23:26.450070speed: 20km,x: 10,y: 15,stored_at:2022-05-22T16:23:26.450087speed: 20km,x: 10,y: 15,stored_at:2022-05-22T16:23:26.450102speed: 20km,x: 10,y: 15,stored_at:2022-05-22T16:23:26.450118speed: 20km,x: 10,y: 15,stored_at:2022-05-22T16:23:26.450141speed: 20km,x: 10,y: 15,stored_at:2022-05-22T16:23:26.450156speed: 20km,x: 10,y: 15,stored_at:2022-05-22T16:23:26.450170
