{

    "clients": [
        {
            "name": "Fog Subscriber Node",
            "real_ip": "127.0.0.1",
            "icon": "server_icon",
            "type": "client",
            "is_wireless": false,
            "coverage_area_radius": 0,
            "application": "applications.mqttapp.SubscriberApp",
            "x": 550,
            "y": 175
        },
        {
            "name": "Fog Subscriber Node",
            "real_ip": "127.0.0.1",
            "icon": "server_icon",
            "type": "client",
            "is_wireless": false,
            "coverage_area_radius": 0,
            "application": "applications.mqttapp.SubscriberApp",
            "x": 400,
            "y": 75
        },
        {
            "name": "Arduino based sensor (publisher node)",
            "real_ip": "127.0.0.1",
            "icon": "arduino_uno_icon",
            "type": "client",
            "is_wireless": false,
            "coverage_area_radius": 100,
            "application": "applications.mqttapp.PublisherApp",
            "x": 200,
            "y": 380
        },
        {
            "name": "Arduino based sensor (publisher node)",
            "real_ip": "127.0.0.1",
            "icon": "arduino_uno_icon",
            "type": "client",
            "is_wireless": false,
            "coverage_area_radius": 100,
            "application": "applications.mqttapp.PublisherApp",
            "x": 300,
            "y": 380
        },
        {
            "name": "Arduino based sensor (publisher node)",
            "real_ip": "127.0.0.1",
            "icon": "arduino_uno_icon",
            "type": "client",
            "is_wireless": false,
            "coverage_area_radius": 100,
            "application": "applications.mqttapp.PublisherApp",
            "x": 400,
            "y": 380
        },
        {
            "name": "Arduino based sensor (publisher node)",
            "real_ip": "127.0.0.1",
            "icon": "arduino_uno_icon",
            "type": "client",
            "is_wireless": false,
            "coverage_area_radius": 100,
            "application": "applications.mqttapp.PublisherApp",
            "x": 500,
            "y": 380
        },
        {
            "name": "Arduino based sensor (publisher node)",
            "real_ip": "127.0.0.1",
            "icon": "arduino_uno_icon",
            "type": "client",
            "is_wireless": false,
            "coverage_area_radius": 100,
            "application": "applications.mqttapp.PublisherApp",
            "x": 600,
            "y": 380
        }
    ],
    "servers": [
        {
            "name": "Fog Broker Node",
            "real_ip": "127.0.0.1",
            "icon": "server_icon",
            "type": "server",
            "port": 5100,
            "is_wireless": false,
            "coverage_area_radius": 0,
            "application": "applications.mqttapp.BrokerApp",
            "x": 250,
            "y": 175
        }
    ],
    "wireless_computers": [],
    "wireless_sensor_networks": [],
    "mobile_networks": [],
    "routers": [
        {
            "name": "Router 001",
            "real_ip": "127.0.0.1",
            "icon": "router_icon",
            "type": "router",
            "port": 8081,
            "coverage_area_radius": 0,
            "accesspoint_addr": "127.0.0.1",
            "accesspoint_port": 8082,
            "application": "applications.routerapp.RouterApp",
            "is_wireless": false,
            "x": 400,
            "y": 200,
            "access_points": [
            ]
        }
    ]
}